session_date,causal_contract,shipped_contract,differs
2018-01-01,NQH8,NQH8,False
2018-01-02,NQH8,NQH8,False
2018-01-03,NQH8,NQH8,False
2018-01-04,NQH8,NQH8,False
2018-01-05,NQH8,NQH8,False
2018-01-07,NQH8,NQH8,False
2018-01-08,NQH8,NQH8,False
2018-01-09,NQH8,NQH8,False
2018-01-10,NQH8,NQH8,False
2018-01-11,NQH8,NQH8,False
2018-01-12,NQH8,NQH8,False
2018-01-14,NQH8,NQH8,False
2018-01-15,NQH8,NQH8,False
2018-01-16,NQH8,NQH8,False
2018-01-17,NQH8,NQH8,False
2018-01-18,NQH8,NQH8,False
2018-01-19,NQH8,NQH8,False
2018-01-21,NQH8,NQH8,False
2018-01-22,NQH8,NQH8,False
2018-01-23,NQH8,NQH8,False
2018-01-24,NQH8,NQH8,False
2018-01-25,NQH8,NQH8,False
2018-01-26,NQH8,NQH8,False
2018-01-28,NQH8,NQH8,False
2018-01-29,NQH8,NQH8,False
2018-01-30,NQH8,NQH8,False
2018-01-31,NQH8,NQH8,False
2018-02-01,NQH8,NQH8,False
2018-02-02,NQH8,NQH8,False
2018-02-04,NQH8,NQH8,False
2018-02-05,NQH8,NQH8,False
2018-02-06,NQH8,NQH8,False
2018-02-07,NQH8,NQH8,False
2018-02-08,NQH8,NQH8,False
2018-02-09,NQH8,NQH8,False
2018-02-11,NQH8,NQH8,False
2018-02-12,NQH8,NQH8,False
2018-02-13,NQH8,NQH8,False
2018-02-14,NQH8,NQH8,False
2018-02-15,NQH8,NQH8,False
2018-02-16,NQH8,NQH8,False
2018-02-18,NQH8,NQH8,False
2018-02-19,NQH8,NQH8,False
2018-02-20,NQH8,NQH8,False
2018-02-21,NQH8,NQH8,False
2018-02-22,NQH8,NQH8,False
2018-02-23,NQH8,NQH8,False
2018-02-25,NQH8,NQH8,False
2018-02-26,NQH8,NQH8,False
2018-02-27,NQH8,NQH8,False
2018-02-28,NQH8,NQH8,False
2018-03-01,NQH8,NQH8,False
2018-03-02,NQH8,NQH8,False
2018-03-04,NQH8,NQH8,False
2018-03-05,NQH8,NQH8,False
2018-03-06,NQH8,NQH8,False
2018-03-07,NQH8,NQH8,False
2018-03-08,NQH8,NQH8,False
2018-03-09,NQH8,NQM8,True
2018-03-11,NQM8,NQM8,False
2018-03-12,NQM8,NQM8,False
2018-03-13,NQM8,NQM8,False
2018-03-14,NQM8,NQM8,False
2018-03-15,NQM8,NQM8,False
2018-03-16,NQM8,NQM8,False
2018-03-18,NQM8,NQM8,False
2018-03-19,NQM8,NQM8,False
2018-03-20,NQM8,NQM8,False
2018-03-21,NQM8,NQM8,False
2018-03-22,NQM8,NQM8,False
2018-03-23,NQM8,NQM8,False
2018-03-25,NQM8,NQM8,False
2018-03-26,NQM8,NQM8,False
2018-03-27,NQM8,NQM8,False
2018-03-28,NQM8,NQM8,False
2018-03-29,NQM8,NQM8,False
2018-04-01,NQM8,NQM8,False
2018-04-02,NQM8,NQM8,False
2018-04-03,NQM8,NQM8,False
2018-04-04,NQM8,NQM8,False
2018-04-05,NQM8,NQM8,False
2018-04-06,NQM8,NQM8,False
2018-04-08,NQM8,NQM8,False
2018-04-09,NQM8,NQM8,False
2018-04-10,NQM8,NQM8,False
2018-04-11,NQM8,NQM8,False
2018-04-12,NQM8,NQM8,False
2018-04-13,NQM8,NQM8,False
2018-04-15,NQM8,NQM8,False
2018-04-16,NQM8,NQM8,False
2018-04-17,NQM8,NQM8,False
2018-04-18,NQM8,NQM8,False
2018-04-19,NQM8,NQM8,False
2018-04-20,NQM8,NQM8,False
2018-04-22,NQM8,NQM8,False
2018-04-23,NQM8,NQM8,False
2018-04-24,NQM8,NQM8,False
2018-04-25,NQM8,NQM8,False
2018-04-26,NQM8,NQM8,False
2018-04-27,NQM8,NQM8,False
2018-04-29,NQM8,NQM8,False
2018-04-30,NQM8,NQM8,False
2018-05-01,NQM8,NQM8,False
2018-05-02,NQM8,NQM8,False
2018-05-03,NQM8,NQM8,False
2018-05-04,NQM8,NQM8,False
2018-05-06,NQM8,NQM8,False
2018-05-07,NQM8,NQM8,False
2018-05-08,NQM8,NQM8,False
2018-05-09,NQM8,NQM8,False
2018-05-10,NQM8,NQM8,False
2018-05-11,NQM8,NQM8,False
2018-05-13,NQM8,NQM8,False
2018-05-14,NQM8,NQM8,False
2018-05-15,NQM8,NQM8,False
2018-05-16,NQM8,NQM8,False
2018-05-17,NQM8,NQM8,False
2018-05-18,NQM8,NQM8,False
2018-05-20,NQM8,NQM8,False
2018-05-21,NQM8,NQM8,False
2018-05-22,NQM8,NQM8,False
2018-05-23,NQM8,NQM8,False
2018-05-24,NQM8,NQM8,False
2018-05-25,NQM8,NQM8,False
2018-05-27,NQM8,NQM8,False
2018-05-28,NQM8,NQM8,False
2018-05-29,NQM8,NQM8,False
2018-05-30,NQM8,NQM8,False
2018-05-31,NQM8,NQM8,False
2018-06-01,NQM8,NQM8,False
2018-06-03,NQM8,NQM8,False
2018-06-04,NQM8,NQM8,False
2018-06-05,NQM8,NQM8,False
2018-06-06,NQM8,NQM8,False
2018-06-07,NQM8,NQM8,False
2018-06-08,NQM8,NQU8,True
2018-06-10,NQU8,NQU8,False
2018-06-11,NQU8,NQU8,False
2018-06-12,NQU8,NQU8,False
2018-06-13,NQU8,NQU8,False
2018-06-14,NQU8,NQU8,False
2018-06-15,NQU8,NQU8,False
2018-06-17,NQU8,NQU8,False
2018-06-18,NQU8,NQU8,False
2018-06-19,NQU8,NQU8,False
2018-06-20,NQU8,NQU8,False
2018-06-21,NQU8,NQU8,False
2018-06-22,NQU8,NQU8,False
2018-06-24,NQU8,NQU8,False
2018-06-25,NQU8,NQU8,False
2018-06-26,NQU8,NQU8,False
2018-06-27,NQU8,NQU8,False
2018-06-28,NQU8,NQU8,False
2018-06-29,NQU8,NQU8,False
2018-07-01,NQU8,NQU8,False
2018-07-02,NQU8,NQU8,False
2018-07-03,NQU8,NQU8,False
2018-07-04,NQU8,NQU8,False
2018-07-05,NQU8,NQU8,False
2018-07-06,NQU8,NQU8,False
2018-07-08,NQU8,NQU8,False
2018-07-09,NQU8,NQU8,False
2018-07-10,NQU8,NQU8,False
2018-07-11,NQU8,NQU8,False
2018-07-12,NQU8,NQU8,False
2018-07-13,NQU8,NQU8,False
2018-07-15,NQU8,NQU8,False
2018-07-16,NQU8,NQU8,False
2018-07-17,NQU8,NQU8,False
2018-07-18,NQU8,NQU8,False
2018-07-19,NQU8,NQU8,False
2018-07-20,NQU8,NQU8,False
2018-07-22,NQU8,NQU8,False
2018-07-23,NQU8,NQU8,False
2018-07-24,NQU8,NQU8,False
2018-07-25,NQU8,NQU8,False
2018-07-26,NQU8,NQU8,False
2018-07-27,NQU8,NQU8,False
2018-07-29,NQU8,NQU8,False
2018-07-30,NQU8,NQU8,False
2018-07-31,NQU8,NQU8,False
2018-08-01,NQU8,NQU8,False
2018-08-02,NQU8,NQU8,False
2018-08-03,NQU8,NQU8,False
2018-08-05,NQU8,NQU8,False
2018-08-06,NQU8,NQU8,False
2018-08-07,NQU8,NQU8,False
2018-08-08,NQU8,NQU8,False
2018-08-09,NQU8,NQU8,False
2018-08-10,NQU8,NQU8,False
2018-08-12,NQU8,NQU8,False
2018-08-13,NQU8,NQU8,False
2018-08-14,NQU8,NQU8,False
2018-08-15,NQU8,NQU8,False
2018-08-16,NQU8,NQU8,False
2018-08-17,NQU8,NQU8,False
2018-08-19,NQU8,NQU8,False
2018-08-20,NQU8,NQU8,False
2018-08-21,NQU8,NQU8,False
2018-08-22,NQU8,NQU8,False
2018-08-23,NQU8,NQU8,False
2018-08-24,NQU8,NQU8,False
2018-08-26,NQU8,NQU8,False
2018-08-27,NQU8,NQU8,False
2018-08-28,NQU8,NQU8,False
2018-08-29,NQU8,NQU8,False
2018-08-30,NQU8,NQU8,False
2018-08-31,NQU8,NQU8,False
2018-09-02,NQU8,NQU8,False
2018-09-03,NQU8,NQU8,False
2018-09-04,NQU8,NQU8,False
2018-09-05,NQU8,NQU8,False
2018-09-06,NQU8,NQU8,False
2018-09-07,NQU8,NQU8,False
2018-09-09,NQU8,NQU8,False
2018-09-10,NQU8,NQU8,False
2018-09-11,NQU8,NQU8,False
2018-09-12,NQU8,NQU8,False
2018-09-13,NQU8,NQU8,False
2018-09-14,NQU8,NQZ8,True
2018-09-16,NQZ8,NQZ8,False
2018-09-17,NQZ8,NQZ8,False
2018-09-18,NQZ8,NQZ8,False
2018-09-19,NQZ8,NQZ8,False
2018-09-20,NQZ8,NQZ8,False
2018-09-21,NQZ8,NQZ8,False
2018-09-23,NQZ8,NQZ8,False
2018-09-24,NQZ8,NQZ8,False
2018-09-25,NQZ8,NQZ8,False
2018-09-26,NQZ8,NQZ8,False
2018-09-27,NQZ8,NQZ8,False
2018-09-28,NQZ8,NQZ8,False
2018-09-30,NQZ8,NQZ8,False
2018-10-01,NQZ8,NQZ8,False
2018-10-02,NQZ8,NQZ8,False
2018-10-03,NQZ8,NQZ8,False
2018-10-04,NQZ8,NQZ8,False
2018-10-05,NQZ8,NQZ8,False
2018-10-07,NQZ8,NQZ8,False
2018-10-08,NQZ8,NQZ8,False
2018-10-09,NQZ8,NQZ8,False
2018-10-10,NQZ8,NQZ8,False
2018-10-11,NQZ8,NQZ8,False
2018-10-12,NQZ8,NQZ8,False
2018-10-14,NQZ8,NQZ8,False
2018-10-15,NQZ8,NQZ8,False
2018-10-16,NQZ8,NQZ8,False
2018-10-17,NQZ8,NQZ8,False
2018-10-18,NQZ8,NQZ8,False
2018-10-19,NQZ8,NQZ8,False
2018-10-21,NQZ8,NQZ8,False
2018-10-22,NQZ8,NQZ8,False
2018-10-23,NQZ8,NQZ8,False
2018-10-24,NQZ8,NQZ8,False
2018-10-25,NQZ8,NQZ8,False
2018-10-26,NQZ8,NQZ8,False
2018-10-28,NQZ8,NQZ8,False
2018-10-29,NQZ8,NQZ8,False
2018-10-30,NQZ8,NQZ8,False
2018-10-31,NQZ8,NQZ8,False
2018-11-01,NQZ8,NQZ8,False
2018-11-02,NQZ8,NQZ8,False
2018-11-04,NQZ8,NQZ8,False
2018-11-05,NQZ8,NQZ8,False
2018-11-06,NQZ8,NQZ8,False
2018-11-07,NQZ8,NQZ8,False
2018-11-08,NQZ8,NQZ8,False
2018-11-09,NQZ8,NQZ8,False
2018-11-11,NQZ8,NQZ8,False
2018-11-12,NQZ8,NQZ8,False
2018-11-13,NQZ8,NQZ8,False
2018-11-14,NQZ8,NQZ8,False
2018-11-15,NQZ8,NQZ8,False
2018-11-16,NQZ8,NQZ8,False
2018-11-18,NQZ8,NQZ8,False
2018-11-19,NQZ8,NQZ8,False
2018-11-20,NQZ8,NQZ8,False
2018-11-21,NQZ8,NQZ8,False
2018-11-22,NQZ8,NQZ8,False
2018-11-23,NQZ8,NQZ8,False
2018-11-25,NQZ8,NQZ8,False
2018-11-26,NQZ8,NQZ8,False
2018-11-27,NQZ8,NQZ8,False
2018-11-28,NQZ8,NQZ8,False
2018-11-29,NQZ8,NQZ8,False
2018-11-30,NQZ8,NQZ8,False
2018-12-02,NQZ8,NQZ8,False
2018-12-03,NQZ8,NQZ8,False
2018-12-04,NQZ8,NQZ8,False
2018-12-05,NQZ8,NQZ8,False
2018-12-06,NQZ8,NQZ8,False
2018-12-07,NQZ8,NQZ8,False
2018-12-09,NQZ8,NQZ8,False
2018-12-10,NQZ8,NQZ8,False
2018-12-11,NQZ8,NQZ8,False
2018-12-12,NQZ8,NQZ8,False
2018-12-13,NQZ8,NQZ8,False
2018-12-14,NQZ8,NQH9,True
2018-12-16,NQH9,NQH9,False
2018-12-17,NQH9,NQH9,False
2018-12-18,NQH9,NQH9,False
2018-12-19,NQH9,NQH9,False
2018-12-20,NQH9,NQH9,False
2018-12-21,NQH9,NQH9,False
2018-12-23,NQH9,NQH9,False
2018-12-24,NQH9,NQH9,False
2018-12-25,NQH9,NQH9,False
2018-12-26,NQH9,NQH9,False
2018-12-27,NQH9,NQH9,False
2018-12-28,NQH9,NQH9,False
2018-12-30,NQH9,NQH9,False
2018-12-31,NQH9,NQH9,False
2019-01-01,NQH9,NQH9,False
2019-01-02,NQH9,NQH9,False
2019-01-03,NQH9,NQH9,False
2019-01-04,NQH9,NQH9,False
2019-01-06,NQH9,NQH9,False
2019-01-07,NQH9,NQH9,False
2019-01-08,NQH9,NQH9,False
2019-01-09,NQH9,NQH9,False
2019-01-10,NQH9,NQH9,False
2019-01-11,NQH9,NQH9,False
2019-01-13,NQH9,NQH9,False
2019-01-14,NQH9,NQH9,False
2019-01-15,NQH9,NQH9,False
2019-01-16,NQH9,NQH9,False
2019-01-17,NQH9,NQH9,False
2019-01-18,NQH9,NQH9,False
2019-01-20,NQH9,NQH9,False
2019-01-21,NQH9,NQH9,False
2019-01-22,NQH9,NQH9,False
2019-01-23,NQH9,NQH9,False
2019-01-24,NQH9,NQH9,False
2019-01-25,NQH9,NQH9,False
2019-01-27,NQH9,NQH9,False
2019-01-28,NQH9,NQH9,False
2019-01-29,NQH9,NQH9,False
2019-01-30,NQH9,NQH9,False
2019-01-31,NQH9,NQH9,False
2019-02-01,NQH9,NQH9,False
2019-02-03,NQH9,NQH9,False
2019-02-04,NQH9,NQH9,False
2019-02-05,NQH9,NQH9,False
2019-02-06,NQH9,NQH9,False
2019-02-07,NQH9,NQH9,False
2019-02-08,NQH9,NQH9,False
2019-02-10,NQH9,NQH9,False
2019-02-11,NQH9,NQH9,False
2019-02-12,NQH9,NQH9,False
2019-02-13,NQH9,NQH9,False
2019-02-14,NQH9,NQH9,False
2019-02-15,NQH9,NQH9,False
2019-02-17,NQH9,NQH9,False
2019-02-18,NQH9,NQH9,False
2019-02-19,NQH9,NQH9,False
2019-02-20,NQH9,NQH9,False
2019-02-21,NQH9,NQH9,False
2019-02-22,NQH9,NQH9,False
2019-02-24,NQH9,NQH9,False
2019-02-25,NQH9,NQH9,False
2019-02-26,NQH9,NQH9,False
2019-02-27,NQH9,NQH9,False
2019-02-28,NQH9,NQH9,False
2019-03-01,NQH9,NQH9,False
2019-03-03,NQH9,NQH9,False
2019-03-04,NQH9,NQH9,False
2019-03-05,NQH9,NQH9,False
2019-03-06,NQH9,NQH9,False
2019-03-07,NQH9,NQH9,False
2019-03-08,NQH9,NQM9,True
2019-03-10,NQM9,NQM9,False
2019-03-11,NQM9,NQM9,False
2019-03-12,NQM9,NQM9,False
2019-03-13,NQM9,NQM9,False
2019-03-14,NQM9,NQM9,False
2019-03-15,NQM9,NQM9,False
2019-03-17,NQM9,NQM9,False
2019-03-18,NQM9,NQM9,False
2019-03-19,NQM9,NQM9,False
2019-03-20,NQM9,NQM9,False
2019-03-21,NQM9,NQM9,False
2019-03-22,NQM9,NQM9,False
2019-03-24,NQM9,NQM9,False
2019-03-25,NQM9,NQM9,False
2019-03-26,NQM9,NQM9,False
2019-03-27,NQM9,NQM9,False
2019-03-28,NQM9,NQM9,False
2019-03-29,NQM9,NQM9,False
2019-03-31,NQM9,NQM9,False
2019-04-01,NQM9,NQM9,False
2019-04-02,NQM9,NQM9,False
2019-04-03,NQM9,NQM9,False
2019-04-04,NQM9,NQM9,False
2019-04-05,NQM9,NQM9,False
2019-04-07,NQM9,NQM9,False
2019-04-08,NQM9,NQM9,False
2019-04-09,NQM9,NQM9,False
2019-04-10,NQM9,NQM9,False
2019-04-11,NQM9,NQM9,False
2019-04-12,NQM9,NQM9,False
2019-04-14,NQM9,NQM9,False
2019-04-15,NQM9,NQM9,False
2019-04-16,NQM9,NQM9,False
2019-04-17,NQM9,NQM9,False
2019-04-18,NQM9,NQM9,False
2019-04-21,NQM9,NQM9,False
2019-04-22,NQM9,NQM9,False
2019-04-23,NQM9,NQM9,False
2019-04-24,NQM9,NQM9,False
2019-04-25,NQM9,NQM9,False
2019-04-26,NQM9,NQM9,False
2019-04-28,NQM9,NQM9,False
2019-04-29,NQM9,NQM9,False
2019-04-30,NQM9,NQM9,False
2019-05-01,NQM9,NQM9,False
2019-05-02,NQM9,NQM9,False
2019-05-03,NQM9,NQM9,False
2019-05-05,NQM9,NQM9,False
2019-05-06,NQM9,NQM9,False
2019-05-07,NQM9,NQM9,False
2019-05-08,NQM9,NQM9,False
2019-05-09,NQM9,NQM9,False
2019-05-10,NQM9,NQM9,False
2019-05-12,NQM9,NQM9,False
2019-05-13,NQM9,NQM9,False
2019-05-14,NQM9,NQM9,False
2019-05-15,NQM9,NQM9,False
2019-05-16,NQM9,NQM9,False
2019-05-17,NQM9,NQM9,False
2019-05-19,NQM9,NQM9,False
2019-05-20,NQM9,NQM9,False
2019-05-21,NQM9,NQM9,False
2019-05-22,NQM9,NQM9,False
2019-05-23,NQM9,NQM9,False
2019-05-24,NQM9,NQM9,False
2019-05-26,NQM9,NQM9,False
2019-05-27,NQM9,NQM9,False
2019-05-28,NQM9,NQM9,False
2019-05-29,NQM9,NQM9,False
2019-05-30,NQM9,NQM9,False
2019-05-31,NQM9,NQM9,False
2019-06-02,NQM9,NQM9,False
2019-06-03,NQM9,NQM9,False
2019-06-04,NQM9,NQM9,False
2019-06-05,NQM9,NQM9,False
2019-06-06,NQM9,NQM9,False
2019-06-07,NQM9,NQM9,False
2019-06-09,NQM9,NQM9,False
2019-06-10,NQM9,NQM9,False
2019-06-11,NQM9,NQM9,False
2019-06-12,NQM9,NQM9,False
2019-06-13,NQM9,NQM9,False
2019-06-14,NQM9,NQU9,True
2019-06-16,NQU9,NQU9,False
2019-06-17,NQU9,NQU9,False
2019-06-18,NQU9,NQU9,False
2019-06-19,NQU9,NQU9,False
2019-06-20,NQU9,NQU9,False
2019-06-21,NQU9,NQU9,False
2019-06-23,NQU9,NQU9,False
2019-06-24,NQU9,NQU9,False
2019-06-25,NQU9,NQU9,False
2019-06-26,NQU9,NQU9,False
2019-06-27,NQU9,NQU9,False
2019-06-28,NQU9,NQU9,False
2019-06-30,NQU9,NQU9,False
2019-07-01,NQU9,NQU9,False
2019-07-02,NQU9,NQU9,False
2019-07-03,NQU9,NQU9,False
2019-07-04,NQU9,NQU9,False
2019-07-05,NQU9,NQU9,False
2019-07-07,NQU9,NQU9,False
2019-07-08,NQU9,NQU9,False
2019-07-09,NQU9,NQU9,False
2019-07-10,NQU9,NQU9,False
2019-07-11,NQU9,NQU9,False
2019-07-12,NQU9,NQU9,False
2019-07-14,NQU9,NQU9,False
2019-07-15,NQU9,NQU9,False
2019-07-16,NQU9,NQU9,False
2019-07-17,NQU9,NQU9,False
2019-07-18,NQU9,NQU9,False
2019-07-19,NQU9,NQU9,False
2019-07-21,NQU9,NQU9,False
2019-07-22,NQU9,NQU9,False
2019-07-23,NQU9,NQU9,False
2019-07-24,NQU9,NQU9,False
2019-07-25,NQU9,NQU9,False
2019-07-26,NQU9,NQU9,False
2019-07-28,NQU9,NQU9,False
2019-07-29,NQU9,NQU9,False
2019-07-30,NQU9,NQU9,False
2019-07-31,NQU9,NQU9,False
2019-08-01,NQU9,NQU9,False
2019-08-02,NQU9,NQU9,False
2019-08-04,NQU9,NQU9,False
2019-08-05,NQU9,NQU9,False
2019-08-06,NQU9,NQU9,False
2019-08-07,NQU9,NQU9,False
2019-08-08,NQU9,NQU9,False
2019-08-09,NQU9,NQU9,False
2019-08-11,NQU9,NQU9,False
2019-08-12,NQU9,NQU9,False
2019-08-13,NQU9,NQU9,False
2019-08-14,NQU9,NQU9,False
2019-08-15,NQU9,NQU9,False
2019-08-16,NQU9,NQU9,False
2019-08-18,NQU9,NQU9,False
2019-08-19,NQU9,NQU9,False
2019-08-20,NQU9,NQU9,False
2019-08-21,NQU9,NQU9,False
2019-08-22,NQU9,NQU9,False
2019-08-23,NQU9,NQU9,False
2019-08-25,NQU9,NQU9,False
2019-08-26,NQU9,NQU9,False
2019-08-27,NQU9,NQU9,False
2019-08-28,NQU9,NQU9,False
2019-08-29,NQU9,NQU9,False
2019-08-30,NQU9,NQU9,False
2019-09-01,NQU9,NQU9,False
2019-09-02,NQU9,NQU9,False
2019-09-03,NQU9,NQU9,False
2019-09-04,NQU9,NQU9,False
2019-09-05,NQU9,NQU9,False
2019-09-06,NQU9,NQU9,False
2019-09-08,NQU9,NQU9,False
2019-09-09,NQU9,NQU9,False
2019-09-10,NQU9,NQU9,False
2019-09-11,NQU9,NQU9,False
2019-09-12,NQU9,NQU9,False
2019-09-13,NQU9,NQZ9,True
2019-09-15,NQZ9,NQZ9,False
2019-09-16,NQZ9,NQZ9,False
2019-09-17,NQZ9,NQZ9,False
2019-09-18,NQZ9,NQZ9,False
2019-09-19,NQZ9,NQZ9,False
2019-09-20,NQZ9,NQZ9,False
2019-09-22,NQZ9,NQZ9,False
2019-09-23,NQZ9,NQZ9,False
2019-09-24,NQZ9,NQZ9,False
2019-09-25,NQZ9,NQZ9,False
2019-09-26,NQZ9,NQZ9,False
2019-09-27,NQZ9,NQZ9,False
2019-09-29,NQZ9,NQZ9,False
2019-09-30,NQZ9,NQZ9,False
2019-10-01,NQZ9,NQZ9,False
2019-10-02,NQZ9,NQZ9,False
2019-10-03,NQZ9,NQZ9,False
2019-10-04,NQZ9,NQZ9,False
2019-10-06,NQZ9,NQZ9,False
2019-10-07,NQZ9,NQZ9,False
2019-10-08,NQZ9,NQZ9,False
2019-10-09,NQZ9,NQZ9,False
2019-10-10,NQZ9,NQZ9,False
2019-10-11,NQZ9,NQZ9,False
2019-10-13,NQZ9,NQZ9,False
2019-10-14,NQZ9,NQZ9,False
2019-10-15,NQZ9,NQZ9,False
2019-10-16,NQZ9,NQZ9,False
2019-10-17,NQZ9,NQZ9,False
2019-10-18,NQZ9,NQZ9,False
2019-10-20,NQZ9,NQZ9,False
2019-10-21,NQZ9,NQZ9,False
2019-10-22,NQZ9,NQZ9,False
2019-10-23,NQZ9,NQZ9,False
2019-10-24,NQZ9,NQZ9,False
2019-10-25,NQZ9,NQZ9,False
2019-10-27,NQZ9,NQZ9,False
2019-10-28,NQZ9,NQZ9,False
2019-10-29,NQZ9,NQZ9,False
2019-10-30,NQZ9,NQZ9,False
2019-10-31,NQZ9,NQZ9,False
2019-11-01,NQZ9,NQZ9,False
2019-11-03,NQZ9,NQZ9,False
2019-11-04,NQZ9,NQZ9,False
2019-11-05,NQZ9,NQZ9,False
2019-11-06,NQZ9,NQZ9,False
2019-11-07,NQZ9,NQZ9,False
2019-11-08,NQZ9,NQZ9,False
2019-11-10,NQZ9,NQZ9,False
2019-11-11,NQZ9,NQZ9,False
2019-11-12,NQZ9,NQZ9,False
2019-11-13,NQZ9,NQZ9,False
2019-11-14,NQZ9,NQZ9,False
2019-11-15,NQZ9,NQZ9,False
2019-11-17,NQZ9,NQZ9,False
2019-11-18,NQZ9,NQZ9,False
2019-11-19,NQZ9,NQZ9,False
2019-11-20,NQZ9,NQZ9,False
2019-11-21,NQZ9,NQZ9,False
2019-11-22,NQZ9,NQZ9,False
2019-11-24,NQZ9,NQZ9,False
2019-11-25,NQZ9,NQZ9,False
2019-11-26,NQZ9,NQZ9,False
2019-11-27,NQZ9,NQZ9,False
2019-11-28,NQZ9,NQZ9,False
2019-11-29,NQZ9,NQZ9,False
2019-12-01,NQZ9,NQZ9,False
2019-12-02,NQZ9,NQZ9,False
2019-12-03,NQZ9,NQZ9,False
2019-12-04,NQZ9,NQZ9,False
2019-12-05,NQZ9,NQZ9,False
2019-12-06,NQZ9,NQZ9,False
2019-12-08,NQZ9,NQZ9,False
2019-12-09,NQZ9,NQZ9,False
2019-12-10,NQZ9,NQZ9,False
2019-12-11,NQZ9,NQZ9,False
2019-12-12,NQZ9,NQZ9,False
2019-12-13,NQZ9,NQH0,True
2019-12-15,NQH0,NQH0,False
2019-12-16,NQH0,NQH0,False
2019-12-17,NQH0,NQH0,False
2019-12-18,NQH0,NQH0,False
2019-12-19,NQH0,NQH0,False
2019-12-20,NQH0,NQH0,False
2019-12-22,NQH0,NQH0,False
2019-12-23,NQH0,NQH0,False
2019-12-24,NQH0,NQH0,False
2019-12-25,NQH0,NQH0,False
2019-12-26,NQH0,NQH0,False
2019-12-27,NQH0,NQH0,False
2019-12-29,NQH0,NQH0,False
2019-12-30,NQH0,NQH0,False
2020-01-01,NQH0,NQH0,False
2020-01-02,NQH0,NQH0,False
2020-01-03,NQH0,NQH0,False
2020-01-05,NQH0,NQH0,False
2020-01-06,NQH0,NQH0,False
2020-01-07,NQH0,NQH0,False
2020-01-08,NQH0,NQH0,False
2020-01-09,NQH0,NQH0,False
2020-01-10,NQH0,NQH0,False
2020-01-12,NQH0,NQH0,False
2020-01-13,NQH0,NQH0,False
2020-01-14,NQH0,NQH0,False
2020-01-15,NQH0,NQH0,False
2020-01-16,NQH0,NQH0,False
2020-01-17,NQH0,NQH0,False
2020-01-19,NQH0,NQH0,False
2020-01-20,NQH0,NQH0,False
2020-01-21,NQH0,NQH0,False
2020-01-22,NQH0,NQH0,False
2020-01-23,NQH0,NQH0,False
2020-01-24,NQH0,NQH0,False
2020-01-26,NQH0,NQH0,False
2020-01-27,NQH0,NQH0,False
2020-01-28,NQH0,NQH0,False
2020-01-29,NQH0,NQH0,False
2020-01-30,NQH0,NQH0,False
2020-01-31,NQH0,NQH0,False
2020-02-02,NQH0,NQH0,False
2020-02-03,NQH0,NQH0,False
2020-02-04,NQH0,NQH0,False
2020-02-05,NQH0,NQH0,False
2020-02-06,NQH0,NQH0,False
2020-02-07,NQH0,NQH0,False
2020-02-09,NQH0,NQH0,False
2020-02-10,NQH0,NQH0,False
2020-02-11,NQH0,NQH0,False
2020-02-12,NQH0,NQH0,False
2020-02-13,NQH0,NQH0,False
2020-02-14,NQH0,NQH0,False
2020-02-16,NQH0,NQH0,False
2020-02-17,NQH0,NQH0,False
2020-02-18,NQH0,NQH0,False
2020-02-19,NQH0,NQH0,False
2020-02-20,NQH0,NQH0,False
2020-02-21,NQH0,NQH0,False
2020-02-23,NQH0,NQH0,False
2020-02-24,NQH0,NQH0,False
2020-02-25,NQH0,NQH0,False
2020-02-26,NQH0,NQH0,False
2020-02-27,NQH0,NQH0,False
2020-02-28,NQH0,NQH0,False
2020-03-01,NQH0,NQH0,False
2020-03-02,NQH0,NQH0,False
2020-03-03,NQH0,NQH0,False
2020-03-04,NQH0,NQH0,False
2020-03-05,NQH0,NQH0,False
2020-03-06,NQH0,NQH0,False
2020-03-08,NQH0,NQH0,False
2020-03-09,NQH0,NQH0,False
2020-03-10,NQH0,NQH0,False
2020-03-11,NQH0,NQH0,False
2020-03-12,NQH0,NQH0,False
2020-03-13,NQH0,NQH0,False
2020-03-15,NQH0,NQM0,True
2020-03-16,NQM0,NQM0,False
2020-03-17,NQM0,NQM0,False
2020-03-18,NQM0,NQM0,False
2020-03-19,NQM0,NQM0,False
2020-03-20,NQM0,NQM0,False
2020-03-22,NQM0,NQM0,False
2020-03-23,NQM0,NQM0,False
2020-03-24,NQM0,NQM0,False
2020-03-25,NQM0,NQM0,False
2020-03-26,NQM0,NQM0,False
2020-03-27,NQM0,NQM0,False
2020-03-29,NQM0,NQM0,False
2020-03-30,NQM0,NQM0,False
2020-03-31,NQM0,NQM0,False
2020-04-01,NQM0,NQM0,False
2020-04-02,NQM0,NQM0,False
2020-04-03,NQM0,NQM0,False
2020-04-05,NQM0,NQM0,False
2020-04-06,NQM0,NQM0,False
2020-04-07,NQM0,NQM0,False
2020-04-08,NQM0,NQM0,False
2020-04-09,NQM0,NQM0,False
2020-04-12,NQM0,NQM0,False
2020-04-13,NQM0,NQM0,False
2020-04-14,NQM0,NQM0,False
2020-04-15,NQM0,NQM0,False
2020-04-16,NQM0,NQM0,False
2020-04-17,NQM0,NQM0,False
2020-04-19,NQM0,NQM0,False
2020-04-20,NQM0,NQM0,False
2020-04-21,NQM0,NQM0,False
2020-04-22,NQM0,NQM0,False
2020-04-23,NQM0,NQM0,False
2020-04-24,NQM0,NQM0,False
2020-04-26,NQM0,NQM0,False
2020-04-27,NQM0,NQM0,False
2020-04-28,NQM0,NQM0,False
2020-04-29,NQM0,NQM0,False
2020-04-30,NQM0,NQM0,False
2020-05-01,NQM0,NQM0,False
2020-05-03,NQM0,NQM0,False
2020-05-04,NQM0,NQM0,False
2020-05-05,NQM0,NQM0,False
2020-05-06,NQM0,NQM0,False
2020-05-07,NQM0,NQM0,False
2020-05-08,NQM0,NQM0,False
2020-05-10,NQM0,NQM0,False
2020-05-11,NQM0,NQM0,False
2020-05-12,NQM0,NQM0,False
2020-05-13,NQM0,NQM0,False
2020-05-14,NQM0,NQM0,False
2020-05-15,NQM0,NQM0,False
2020-05-17,NQM0,NQM0,False
2020-05-18,NQM0,NQM0,False
2020-05-19,NQM0,NQM0,False
2020-05-20,NQM0,NQM0,False
2020-05-21,NQM0,NQM0,False
2020-05-22,NQM0,NQM0,False
2020-05-24,NQM0,NQM0,False
2020-05-25,NQM0,NQM0,False
2020-05-26,NQM0,NQM0,False
2020-05-27,NQM0,NQM0,False
2020-05-28,NQM0,NQM0,False
2020-05-29,NQM0,NQM0,False
2020-05-31,NQM0,NQM0,False
2020-06-01,NQM0,NQM0,False
2020-06-02,NQM0,NQM0,False
2020-06-03,NQM0,NQM0,False
2020-06-04,NQM0,NQM0,False
2020-06-05,NQM0,NQM0,False
2020-06-07,NQM0,NQM0,False
2020-06-08,NQM0,NQM0,False
2020-06-09,NQM0,NQM0,False
2020-06-10,NQM0,NQM0,False
2020-06-11,NQM0,NQM0,False
2020-06-12,NQM0,NQM0,False
2020-06-14,NQM0,NQM0,False
2020-06-15,NQM0,NQU0,True
2020-06-16,NQU0,NQU0,False
2020-06-17,NQU0,NQU0,False
2020-06-18,NQU0,NQU0,False
2020-06-19,NQU0,NQU0,False
2020-06-21,NQU0,NQU0,False
2020-06-22,NQU0,NQU0,False
2020-06-23,NQU0,NQU0,False
2020-06-24,NQU0,NQU0,False
2020-06-25,NQU0,NQU0,False
2020-06-26,NQU0,NQU0,False
2020-06-28,NQU0,NQU0,False
2020-06-29,NQU0,NQU0,False
2020-06-30,NQU0,NQU0,False
2020-07-01,NQU0,NQU0,False
2020-07-02,NQU0,NQU0,False
2020-07-03,NQU0,NQU0,False
2020-07-05,NQU0,NQU0,False
2020-07-06,NQU0,NQU0,False
2020-07-07,NQU0,NQU0,False
2020-07-08,NQU0,NQU0,False
2020-07-09,NQU0,NQU0,False
2020-07-10,NQU0,NQU0,False
2020-07-12,NQU0,NQU0,False
2020-07-13,NQU0,NQU0,False
2020-07-14,NQU0,NQU0,False
2020-07-15,NQU0,NQU0,False
2020-07-16,NQU0,NQU0,False
2020-07-17,NQU0,NQU0,False
2020-07-19,NQU0,NQU0,False
2020-07-20,NQU0,NQU0,False
2020-07-21,NQU0,NQU0,False
2020-07-22,NQU0,NQU0,False
2020-07-23,NQU0,NQU0,False
2020-07-24,NQU0,NQU0,False
2020-07-26,NQU0,NQU0,False
2020-07-27,NQU0,NQU0,False
2020-07-28,NQU0,NQU0,False
2020-07-29,NQU0,NQU0,False
2020-07-30,NQU0,NQU0,False
2020-07-31,NQU0,NQU0,False
2020-08-02,NQU0,NQU0,False
2020-08-03,NQU0,NQU0,False
2020-08-04,NQU0,NQU0,False
2020-08-05,NQU0,NQU0,False
2020-08-06,NQU0,NQU0,False
2020-08-07,NQU0,NQU0,False
2020-08-09,NQU0,NQU0,False
2020-08-10,NQU0,NQU0,False
2020-08-11,NQU0,NQU0,False
2020-08-12,NQU0,NQU0,False
2020-08-13,NQU0,NQU0,False
2020-08-14,NQU0,NQU0,False
2020-08-16,NQU0,NQU0,False
2020-08-17,NQU0,NQU0,False
2020-08-18,NQU0,NQU0,False
2020-08-19,NQU0,NQU0,False
2020-08-20,NQU0,NQU0,False
2020-08-21,NQU0,NQU0,False
2020-08-23,NQU0,NQU0,False
2020-08-24,NQU0,NQU0,False
2020-08-25,NQU0,NQU0,False
2020-08-26,NQU0,NQU0,False
2020-08-27,NQU0,NQU0,False
2020-08-28,NQU0,NQU0,False
2020-08-30,NQU0,NQU0,False
2020-08-31,NQU0,NQU0,False
2020-09-01,NQU0,NQU0,False
2020-09-02,NQU0,NQU0,False
2020-09-03,NQU0,NQU0,False
2020-09-04,NQU0,NQU0,False
2020-09-06,NQU0,NQU0,False
2020-09-07,NQU0,NQU0,False
2020-09-08,NQU0,NQU0,False
2020-09-09,NQU0,NQU0,False
2020-09-10,NQU0,NQU0,False
2020-09-11,NQU0,NQU0,False
2020-09-13,NQU0,NQZ0,True
2020-09-14,NQZ0,NQZ0,False
2020-09-15,NQZ0,NQZ0,False
2020-09-16,NQZ0,NQZ0,False
2020-09-17,NQZ0,NQZ0,False
2020-09-18,NQZ0,NQZ0,False
2020-09-20,NQZ0,NQZ0,False
2020-09-21,NQZ0,NQZ0,False
2020-09-22,NQZ0,NQZ0,False
2020-09-23,NQZ0,NQZ0,False
2020-09-24,NQZ0,NQZ0,False
2020-09-25,NQZ0,NQZ0,False
2020-09-27,NQZ0,NQZ0,False
2020-09-28,NQZ0,NQZ0,False
2020-09-29,NQZ0,NQZ0,False
2020-09-30,NQZ0,NQZ0,False
2020-10-01,NQZ0,NQZ0,False
2020-10-02,NQZ0,NQZ0,False
2020-10-04,NQZ0,NQZ0,False
2020-10-05,NQZ0,NQZ0,False
2020-10-06,NQZ0,NQZ0,False
2020-10-07,NQZ0,NQZ0,False
2020-10-08,NQZ0,NQZ0,False
2020-10-09,NQZ0,NQZ0,False
2020-10-11,NQZ0,NQZ0,False
2020-10-12,NQZ0,NQZ0,False
2020-10-13,NQZ0,NQZ0,False
2020-10-14,NQZ0,NQZ0,False
2020-10-15,NQZ0,NQZ0,False
2020-10-16,NQZ0,NQZ0,False
2020-10-18,NQZ0,NQZ0,False
2020-10-19,NQZ0,NQZ0,False
2020-10-20,NQZ0,NQZ0,False
2020-10-21,NQZ0,NQZ0,False
2020-10-22,NQZ0,NQZ0,False
2020-10-23,NQZ0,NQZ0,False
2020-10-25,NQZ0,NQZ0,False
2020-10-26,NQZ0,NQZ0,False
2020-10-27,NQZ0,NQZ0,False
2020-10-28,NQZ0,NQZ0,False
2020-10-29,NQZ0,NQZ0,False
2020-10-30,NQZ0,NQZ0,False
2020-11-01,NQZ0,NQZ0,False
2020-11-02,NQZ0,NQZ0,False
2020-11-03,NQZ0,NQZ0,False
2020-11-04,NQZ0,NQZ0,False
2020-11-05,NQZ0,NQZ0,False
2020-11-06,NQZ0,NQZ0,False
2020-11-08,NQZ0,NQZ0,False
2020-11-09,NQZ0,NQZ0,False
2020-11-10,NQZ0,NQZ0,False
2020-11-11,NQZ0,NQZ0,False
2020-11-12,NQZ0,NQZ0,False
2020-11-13,NQZ0,NQZ0,False
2020-11-15,NQZ0,NQZ0,False
2020-11-16,NQZ0,NQZ0,False
2020-11-17,NQZ0,NQZ0,False
2020-11-18,NQZ0,NQZ0,False
2020-11-19,NQZ0,NQZ0,False
2020-11-20,NQZ0,NQZ0,False
2020-11-22,NQZ0,NQZ0,False
2020-11-23,NQZ0,NQZ0,False
2020-11-24,NQZ0,NQZ0,False
2020-11-25,NQZ0,NQZ0,False
2020-11-26,NQZ0,NQZ0,False
2020-11-27,NQZ0,NQZ0,False
2020-11-29,NQZ0,NQZ0,False
2020-11-30,NQZ0,NQZ0,False
2020-12-01,NQZ0,NQZ0,False
2020-12-02,NQZ0,NQZ0,False
2020-12-03,NQZ0,NQZ0,False
2020-12-04,NQZ0,NQZ0,False
2020-12-06,NQZ0,NQZ0,False
2020-12-07,NQZ0,NQZ0,False
2020-12-08,NQZ0,NQZ0,False
2020-12-09,NQZ0,NQZ0,False
2020-12-10,NQZ0,NQZ0,False
2020-12-11,NQZ0,NQZ0,False
2020-12-13,NQZ0,NQZ0,False
2020-12-14,NQZ0,NQH1,True
2020-12-15,NQH1,NQH1,False
2020-12-16,NQH1,NQH1,False
2020-12-17,NQH1,NQH1,False
2020-12-18,NQH1,NQH1,False
2020-12-20,NQH1,NQH1,False
2020-12-21,NQH1,NQH1,False
2020-12-22,NQH1,NQH1,False
2020-12-23,NQH1,NQH1,False
2020-12-24,NQH1,NQH1,False
2020-12-27,NQH1,NQH1,False
2020-12-28,NQH1,NQH1,False
2020-12-29,NQH1,NQH1,False
2020-12-30,NQH1,NQH1,False
2021-01-03,NQH1,NQH1,False
2021-01-04,NQH1,NQH1,False
2021-01-05,NQH1,NQH1,False
2021-01-06,NQH1,NQH1,False
2021-01-07,NQH1,NQH1,False
2021-01-08,NQH1,NQH1,False
2021-01-10,NQH1,NQH1,False
2021-01-11,NQH1,NQH1,False
2021-01-12,NQH1,NQH1,False
2021-01-13,NQH1,NQH1,False
2021-01-14,NQH1,NQH1,False
2021-01-15,NQH1,NQH1,False
2021-01-17,NQH1,NQH1,False
2021-01-18,NQH1,NQH1,False
2021-01-19,NQH1,NQH1,False
2021-01-20,NQH1,NQH1,False
2021-01-21,NQH1,NQH1,False
2021-01-22,NQH1,NQH1,False
2021-01-24,NQH1,NQH1,False
2021-01-25,NQH1,NQH1,False
2021-01-26,NQH1,NQH1,False
2021-01-27,NQH1,NQH1,False
2021-01-28,NQH1,NQH1,False
2021-01-29,NQH1,NQH1,False
2021-01-31,NQH1,NQH1,False
2021-02-01,NQH1,NQH1,False
2021-02-02,NQH1,NQH1,False
2021-02-03,NQH1,NQH1,False
2021-02-04,NQH1,NQH1,False
2021-02-05,NQH1,NQH1,False
2021-02-07,NQH1,NQH1,False
2021-02-08,NQH1,NQH1,False
2021-02-09,NQH1,NQH1,False
2021-02-10,NQH1,NQH1,False
2021-02-11,NQH1,NQH1,False
2021-02-12,NQH1,NQH1,False
2021-02-14,NQH1,NQH1,False
2021-02-15,NQH1,NQH1,False
2021-02-16,NQH1,NQH1,False
2021-02-17,NQH1,NQH1,False
2021-02-18,NQH1,NQH1,False
2021-02-19,NQH1,NQH1,False
2021-02-21,NQH1,NQH1,False
2021-02-22,NQH1,NQH1,False
2021-02-23,NQH1,NQH1,False
2021-02-24,NQH1,NQH1,False
2021-02-25,NQH1,NQH1,False
2021-02-26,NQH1,NQH1,False
2021-02-28,NQH1,NQH1,False
2021-03-01,NQH1,NQH1,False
2021-03-02,NQH1,NQH1,False
2021-03-03,NQH1,NQH1,False
2021-03-04,NQH1,NQH1,False
2021-03-05,NQH1,NQH1,False
2021-03-07,NQH1,NQH1,False
2021-03-08,NQH1,NQH1,False
2021-03-09,NQH1,NQH1,False
2021-03-10,NQH1,NQH1,False
2021-03-11,NQH1,NQH1,False
2021-03-12,NQH1,NQH1,False
2021-03-14,NQH1,NQM1,True
2021-03-15,NQM1,NQM1,False
2021-03-16,NQM1,NQM1,False
2021-03-17,NQM1,NQM1,False
2021-03-18,NQM1,NQM1,False
2021-03-19,NQM1,NQM1,False
2021-03-21,NQM1,NQM1,False
2021-03-22,NQM1,NQM1,False
2021-03-23,NQM1,NQM1,False
2021-03-24,NQM1,NQM1,False
2021-03-25,NQM1,NQM1,False
2021-03-26,NQM1,NQM1,False
2021-03-28,NQM1,NQM1,False
2021-03-29,NQM1,NQM1,False
2021-03-30,NQM1,NQM1,False
2021-03-31,NQM1,NQM1,False
2021-04-01,NQM1,NQM1,False
2021-04-02,NQM1,NQM1,False
2021-04-04,NQM1,NQM1,False
2021-04-05,NQM1,NQM1,False
2021-04-06,NQM1,NQM1,False
2021-04-07,NQM1,NQM1,False
2021-04-08,NQM1,NQM1,False
2021-04-09,NQM1,NQM1,False
2021-04-11,NQM1,NQM1,False
2021-04-12,NQM1,NQM1,False
2021-04-13,NQM1,NQM1,False
2021-04-14,NQM1,NQM1,False
2021-04-15,NQM1,NQM1,False
2021-04-16,NQM1,NQM1,False
2021-04-18,NQM1,NQM1,False
2021-04-19,NQM1,NQM1,False
2021-04-20,NQM1,NQM1,False
2021-04-21,NQM1,NQM1,False
2021-04-22,NQM1,NQM1,False
2021-04-23,NQM1,NQM1,False
2021-04-25,NQM1,NQM1,False
2021-04-26,NQM1,NQM1,False
2021-04-27,NQM1,NQM1,False
2021-04-28,NQM1,NQM1,False
2021-04-29,NQM1,NQM1,False
2021-04-30,NQM1,NQM1,False
2021-05-02,NQM1,NQM1,False
2021-05-03,NQM1,NQM1,False
2021-05-04,NQM1,NQM1,False
2021-05-05,NQM1,NQM1,False
2021-05-06,NQM1,NQM1,False
2021-05-07,NQM1,NQM1,False
2021-05-09,NQM1,NQM1,False
2021-05-10,NQM1,NQM1,False
2021-05-11,NQM1,NQM1,False
2021-05-12,NQM1,NQM1,False
2021-05-13,NQM1,NQM1,False
2021-05-14,NQM1,NQM1,False
2021-05-16,NQM1,NQM1,False
2021-05-17,NQM1,NQM1,False
2021-05-18,NQM1,NQM1,False
2021-05-19,NQM1,NQM1,False
2021-05-20,NQM1,NQM1,False
2021-05-21,NQM1,NQM1,False
2021-05-23,NQM1,NQM1,False
2021-05-24,NQM1,NQM1,False
2021-05-25,NQM1,NQM1,False
2021-05-26,NQM1,NQM1,False
2021-05-27,NQM1,NQM1,False
2021-05-28,NQM1,NQM1,False
2021-05-30,NQM1,NQM1,False
2021-05-31,NQM1,NQM1,False
2021-06-01,NQM1,NQM1,False
2021-06-02,NQM1,NQM1,False
2021-06-03,NQM1,NQM1,False
2021-06-04,NQM1,NQM1,False
2021-06-06,NQM1,NQM1,False
2021-06-07,NQM1,NQM1,False
2021-06-08,NQM1,NQM1,False
2021-06-09,NQM1,NQM1,False
2021-06-10,NQM1,NQM1,False
2021-06-11,NQM1,NQM1,False
2021-06-13,NQM1,NQU1,True
2021-06-14,NQU1,NQU1,False
2021-06-15,NQU1,NQU1,False
2021-06-16,NQU1,NQU1,False
2021-06-17,NQU1,NQU1,False
2021-06-18,NQU1,NQU1,False
2021-06-20,NQU1,NQU1,False
2021-06-21,NQU1,NQU1,False
2021-06-22,NQU1,NQU1,False
2021-06-23,NQU1,NQU1,False
2021-06-24,NQU1,NQU1,False
2021-06-25,NQU1,NQU1,False
2021-06-27,NQU1,NQU1,False
2021-06-28,NQU1,NQU1,False
2021-06-29,NQU1,NQU1,False
2021-06-30,NQU1,NQU1,False
2021-07-01,NQU1,NQU1,False
2021-07-02,NQU1,NQU1,False
2021-07-04,NQU1,NQU1,False
2021-07-05,NQU1,NQU1,False
2021-07-06,NQU1,NQU1,False
2021-07-07,NQU1,NQU1,False
2021-07-08,NQU1,NQU1,False
2021-07-09,NQU1,NQU1,False
2021-07-11,NQU1,NQU1,False
2021-07-12,NQU1,NQU1,False
2021-07-13,NQU1,NQU1,False
2021-07-14,NQU1,NQU1,False
2021-07-15,NQU1,NQU1,False
2021-07-16,NQU1,NQU1,False
2021-07-18,NQU1,NQU1,False
2021-07-19,NQU1,NQU1,False
2021-07-20,NQU1,NQU1,False
2021-07-21,NQU1,NQU1,False
2021-07-22,NQU1,NQU1,False
2021-07-23,NQU1,NQU1,False
2021-07-25,NQU1,NQU1,False
2021-07-26,NQU1,NQU1,False
2021-07-27,NQU1,NQU1,False
2021-07-28,NQU1,NQU1,False
2021-07-29,NQU1,NQU1,False
2021-07-30,NQU1,NQU1,False
2021-08-01,NQU1,NQU1,False
2021-08-02,NQU1,NQU1,False
2021-08-03,NQU1,NQU1,False
2021-08-04,NQU1,NQU1,False
2021-08-05,NQU1,NQU1,False
2021-08-06,NQU1,NQU1,False
2021-08-08,NQU1,NQU1,False
2021-08-09,NQU1,NQU1,False
2021-08-10,NQU1,NQU1,False
2021-08-11,NQU1,NQU1,False
2021-08-12,NQU1,NQU1,False
2021-08-13,NQU1,NQU1,False
2021-08-15,NQU1,NQU1,False
2021-08-16,NQU1,NQU1,False
2021-08-17,NQU1,NQU1,False
2021-08-18,NQU1,NQU1,False
2021-08-19,NQU1,NQU1,False
2021-08-20,NQU1,NQU1,False
2021-08-22,NQU1,NQU1,False
2021-08-23,NQU1,NQU1,False
2021-08-24,NQU1,NQU1,False
2021-08-25,NQU1,NQU1,False
2021-08-26,NQU1,NQU1,False
2021-08-27,NQU1,NQU1,False
2021-08-29,NQU1,NQU1,False
2021-08-30,NQU1,NQU1,False
2021-08-31,NQU1,NQU1,False
2021-09-01,NQU1,NQU1,False
2021-09-02,NQU1,NQU1,False
2021-09-03,NQU1,NQU1,False
2021-09-05,NQU1,NQU1,False
2021-09-06,NQU1,NQU1,False
2021-09-07,NQU1,NQU1,False
2021-09-08,NQU1,NQU1,False
2021-09-09,NQU1,NQU1,False
2021-09-10,NQU1,NQU1,False
2021-09-12,NQU1,NQZ1,True
2021-09-13,NQZ1,NQZ1,False
2021-09-14,NQZ1,NQZ1,False
2021-09-15,NQZ1,NQZ1,False
2021-09-16,NQZ1,NQZ1,False
2021-09-17,NQZ1,NQZ1,False
2021-09-19,NQZ1,NQZ1,False
2021-09-20,NQZ1,NQZ1,False
2021-09-21,NQZ1,NQZ1,False
2021-09-22,NQZ1,NQZ1,False
2021-09-23,NQZ1,NQZ1,False
2021-09-24,NQZ1,NQZ1,False
2021-09-26,NQZ1,NQZ1,False
2021-09-27,NQZ1,NQZ1,False
2021-09-28,NQZ1,NQZ1,False
2021-09-29,NQZ1,NQZ1,False
2021-09-30,NQZ1,NQZ1,False
2021-10-01,NQZ1,NQZ1,False
2021-10-03,NQZ1,NQZ1,False
2021-10-04,NQZ1,NQZ1,False
2021-10-05,NQZ1,NQZ1,False
2021-10-06,NQZ1,NQZ1,False
2021-10-07,NQZ1,NQZ1,False
2021-10-08,NQZ1,NQZ1,False
2021-10-10,NQZ1,NQZ1,False
2021-10-11,NQZ1,NQZ1,False
2021-10-12,NQZ1,NQZ1,False
2021-10-13,NQZ1,NQZ1,False
2021-10-14,NQZ1,NQZ1,False
2021-10-15,NQZ1,NQZ1,False
2021-10-17,NQZ1,NQZ1,False
2021-10-18,NQZ1,NQZ1,False
2021-10-19,NQZ1,NQZ1,False
2021-10-20,NQZ1,NQZ1,False
2021-10-21,NQZ1,NQZ1,False
2021-10-22,NQZ1,NQZ1,False
2021-10-24,NQZ1,NQZ1,False
2021-10-25,NQZ1,NQZ1,False
2021-10-26,NQZ1,NQZ1,False
2021-10-27,NQZ1,NQZ1,False
2021-10-28,NQZ1,NQZ1,False
2021-10-29,NQZ1,NQZ1,False
2021-10-31,NQZ1,NQZ1,False
2021-11-01,NQZ1,NQZ1,False
2021-11-02,NQZ1,NQZ1,False
2021-11-03,NQZ1,NQZ1,False
2021-11-04,NQZ1,NQZ1,False
2021-11-05,NQZ1,NQZ1,False
2021-11-07,NQZ1,NQZ1,False
2021-11-08,NQZ1,NQZ1,False
2021-11-09,NQZ1,NQZ1,False
2021-11-10,NQZ1,NQZ1,False
2021-11-11,NQZ1,NQZ1,False
2021-11-12,NQZ1,NQZ1,False
2021-11-14,NQZ1,NQZ1,False
2021-11-15,NQZ1,NQZ1,False
2021-11-16,NQZ1,NQZ1,False
2021-11-17,NQZ1,NQZ1,False
2021-11-18,NQZ1,NQZ1,False
2021-11-19,NQZ1,NQZ1,False
2021-11-21,NQZ1,NQZ1,False
2021-11-22,NQZ1,NQZ1,False
2021-11-23,NQZ1,NQZ1,False
2021-11-24,NQZ1,NQZ1,False
2021-11-25,NQZ1,NQZ1,False
2021-11-26,NQZ1,NQZ1,False
2021-11-28,NQZ1,NQZ1,False
2021-11-29,NQZ1,NQZ1,False
2021-11-30,NQZ1,NQZ1,False
2021-12-01,NQZ1,NQZ1,False
2021-12-02,NQZ1,NQZ1,False
2021-12-03,NQZ1,NQZ1,False
2021-12-05,NQZ1,NQZ1,False
2021-12-06,NQZ1,NQZ1,False
2021-12-07,NQZ1,NQZ1,False
2021-12-08,NQZ1,NQZ1,False
2021-12-09,NQZ1,NQZ1,False
2021-12-10,NQZ1,NQH2,True
2021-12-12,NQH2,NQH2,False
2021-12-13,NQH2,NQH2,False
2021-12-14,NQH2,NQH2,False
2021-12-15,NQH2,NQH2,False
2021-12-16,NQH2,NQH2,False
2021-12-17,NQH2,NQH2,False
2021-12-19,NQH2,NQH2,False
2021-12-20,NQH2,NQH2,False
2021-12-21,NQH2,NQH2,False
2021-12-22,NQH2,NQH2,False
2021-12-23,NQH2,NQH2,False
2021-12-26,NQH2,NQH2,False
2021-12-27,NQH2,NQH2,False
2021-12-28,NQH2,NQH2,False
2021-12-29,NQH2,NQH2,False
2021-12-30,NQH2,NQH2,False
2021-12-31,NQH2,NQH2,False
2022-01-02,NQH2,NQH2,False
2022-01-03,NQH2,NQH2,False
2022-01-04,NQH2,NQH2,False
2022-01-05,NQH2,NQH2,False
2022-01-06,NQH2,NQH2,False
2022-01-07,NQH2,NQH2,False
2022-01-09,NQH2,NQH2,False
2022-01-10,NQH2,NQH2,False
2022-01-11,NQH2,NQH2,False
2022-01-12,NQH2,NQH2,False
2022-01-13,NQH2,NQH2,False
2022-01-14,NQH2,NQH2,False
2022-01-16,NQH2,NQH2,False
2022-01-17,NQH2,NQH2,False
2022-01-18,NQH2,NQH2,False
2022-01-19,NQH2,NQH2,False
2022-01-20,NQH2,NQH2,False
2022-01-21,NQH2,NQH2,False
2022-01-23,NQH2,NQH2,False
2022-01-24,NQH2,NQH2,False
2022-01-25,NQH2,NQH2,False
2022-01-26,NQH2,NQH2,False
2022-01-27,NQH2,NQH2,False
2022-01-28,NQH2,NQH2,False
2022-01-30,NQH2,NQH2,False
2022-01-31,NQH2,NQH2,False
2022-02-01,NQH2,NQH2,False
2022-02-02,NQH2,NQH2,False
2022-02-03,NQH2,NQH2,False
2022-02-04,NQH2,NQH2,False
2022-02-06,NQH2,NQH2,False
2022-02-07,NQH2,NQH2,False
2022-02-08,NQH2,NQH2,False
2022-02-09,NQH2,NQH2,False
2022-02-10,NQH2,NQH2,False
2022-02-11,NQH2,NQH2,False
2022-02-13,NQH2,NQH2,False
2022-02-14,NQH2,NQH2,False
2022-02-15,NQH2,NQH2,False
2022-02-16,NQH2,NQH2,False
2022-02-17,NQH2,NQH2,False
2022-02-18,NQH2,NQH2,False
2022-02-20,NQH2,NQH2,False
2022-02-21,NQH2,NQH2,False
2022-02-22,NQH2,NQH2,False
2022-02-23,NQH2,NQH2,False
2022-02-24,NQH2,NQH2,False
2022-02-25,NQH2,NQH2,False
2022-02-27,NQH2,NQH2,False
2022-02-28,NQH2,NQH2,False
2022-03-01,NQH2,NQH2,False
2022-03-02,NQH2,NQH2,False
2022-03-03,NQH2,NQH2,False
2022-03-04,NQH2,NQH2,False
2022-03-06,NQH2,NQH2,False
2022-03-07,NQH2,NQH2,False
2022-03-08,NQH2,NQH2,False
2022-03-09,NQH2,NQH2,False
2022-03-10,NQH2,NQH2,False
2022-03-11,NQH2,NQH2,False
2022-03-13,NQH2,NQM2,True
2022-03-14,NQM2,NQM2,False
2022-03-15,NQM2,NQM2,False
2022-03-16,NQM2,NQM2,False
2022-03-17,NQM2,NQM2,False
2022-03-18,NQM2,NQM2,False
2022-03-20,NQM2,NQM2,False
2022-03-21,NQM2,NQM2,False
2022-03-22,NQM2,NQM2,False
2022-03-23,NQM2,NQM2,False
2022-03-24,NQM2,NQM2,False
2022-03-25,NQM2,NQM2,False
2022-03-27,NQM2,NQM2,False
2022-03-28,NQM2,NQM2,False
2022-03-29,NQM2,NQM2,False
2022-03-30,NQM2,NQM2,False
2022-03-31,NQM2,NQM2,False
2022-04-01,NQM2,NQM2,False
2022-04-03,NQM2,NQM2,False
2022-04-04,NQM2,NQM2,False
2022-04-05,NQM2,NQM2,False
2022-04-06,NQM2,NQM2,False
2022-04-07,NQM2,NQM2,False
2022-04-08,NQM2,NQM2,False
2022-04-10,NQM2,NQM2,False
2022-04-11,NQM2,NQM2,False
2022-04-12,NQM2,NQM2,False
2022-04-13,NQM2,NQM2,False
2022-04-14,NQM2,NQM2,False
2022-04-17,NQM2,NQM2,False
2022-04-18,NQM2,NQM2,False
2022-04-19,NQM2,NQM2,False
2022-04-20,NQM2,NQM2,False
2022-04-21,NQM2,NQM2,False
2022-04-22,NQM2,NQM2,False
2022-04-24,NQM2,NQM2,False
2022-04-25,NQM2,NQM2,False
2022-04-26,NQM2,NQM2,False
2022-04-27,NQM2,NQM2,False
2022-04-28,NQM2,NQM2,False
2022-04-29,NQM2,NQM2,False
2022-05-01,NQM2,NQM2,False
2022-05-02,NQM2,NQM2,False
2022-05-03,NQM2,NQM2,False
2022-05-04,NQM2,NQM2,False
2022-05-05,NQM2,NQM2,False
2022-05-06,NQM2,NQM2,False
2022-05-08,NQM2,NQM2,False
2022-05-09,NQM2,NQM2,False
2022-05-10,NQM2,NQM2,False
2022-05-11,NQM2,NQM2,False
2022-05-12,NQM2,NQM2,False
2022-05-13,NQM2,NQM2,False
2022-05-15,NQM2,NQM2,False
2022-05-16,NQM2,NQM2,False
2022-05-17,NQM2,NQM2,False
2022-05-18,NQM2,NQM2,False
2022-05-19,NQM2,NQM2,False
2022-05-20,NQM2,NQM2,False
2022-05-22,NQM2,NQM2,False
2022-05-23,NQM2,NQM2,False
2022-05-24,NQM2,NQM2,False
2022-05-25,NQM2,NQM2,False
2022-05-26,NQM2,NQM2,False
2022-05-27,NQM2,NQM2,False
2022-05-29,NQM2,NQM2,False
2022-05-30,NQM2,NQM2,False
2022-05-31,NQM2,NQM2,False
2022-06-01,NQM2,NQM2,False
2022-06-02,NQM2,NQM2,False
2022-06-03,NQM2,NQM2,False
2022-06-05,NQM2,NQM2,False
2022-06-06,NQM2,NQM2,False
2022-06-07,NQM2,NQM2,False
2022-06-08,NQM2,NQM2,False
2022-06-09,NQM2,NQM2,False
2022-06-10,NQM2,NQM2,False
2022-06-12,NQM2,NQM2,False
2022-06-13,NQM2,NQU2,True
2022-06-14,NQU2,NQU2,False
2022-06-15,NQU2,NQU2,False
2022-06-16,NQU2,NQU2,False
2022-06-17,NQU2,NQU2,False
2022-06-19,NQU2,NQU2,False
2022-06-20,NQU2,NQU2,False
2022-06-21,NQU2,NQU2,False
2022-06-22,NQU2,NQU2,False
2022-06-23,NQU2,NQU2,False
2022-06-24,NQU2,NQU2,False
2022-06-26,NQU2,NQU2,False
2022-06-27,NQU2,NQU2,False
2022-06-28,NQU2,NQU2,False
2022-06-29,NQU2,NQU2,False
2022-06-30,NQU2,NQU2,False
2022-07-01,NQU2,NQU2,False
2022-07-03,NQU2,NQU2,False
2022-07-04,NQU2,NQU2,False
2022-07-05,NQU2,NQU2,False
2022-07-06,NQU2,NQU2,False
2022-07-07,NQU2,NQU2,False
2022-07-08,NQU2,NQU2,False
2022-07-10,NQU2,NQU2,False
2022-07-11,NQU2,NQU2,False
2022-07-12,NQU2,NQU2,False
2022-07-13,NQU2,NQU2,False
2022-07-14,NQU2,NQU2,False
2022-07-15,NQU2,NQU2,False
2022-07-17,NQU2,NQU2,False
2022-07-18,NQU2,NQU2,False
2022-07-19,NQU2,NQU2,False
2022-07-20,NQU2,NQU2,False
2022-07-21,NQU2,NQU2,False
2022-07-22,NQU2,NQU2,False
2022-07-24,NQU2,NQU2,False
2022-07-25,NQU2,NQU2,False
2022-07-26,NQU2,NQU2,False
2022-07-27,NQU2,NQU2,False
2022-07-28,NQU2,NQU2,False
2022-07-29,NQU2,NQU2,False
2022-07-31,NQU2,NQU2,False
2022-08-01,NQU2,NQU2,False
2022-08-02,NQU2,NQU2,False
2022-08-03,NQU2,NQU2,False
2022-08-04,NQU2,NQU2,False
2022-08-05,NQU2,NQU2,False
2022-08-07,NQU2,NQU2,False
2022-08-08,NQU2,NQU2,False
2022-08-09,NQU2,NQU2,False
2022-08-10,NQU2,NQU2,False
2022-08-11,NQU2,NQU2,False
2022-08-12,NQU2,NQU2,False
2022-08-14,NQU2,NQU2,False
2022-08-15,NQU2,NQU2,False
2022-08-16,NQU2,NQU2,False
2022-08-17,NQU2,NQU2,False
2022-08-18,NQU2,NQU2,False
2022-08-19,NQU2,NQU2,False
2022-08-21,NQU2,NQU2,False
2022-08-22,NQU2,NQU2,False
2022-08-23,NQU2,NQU2,False
2022-08-24,NQU2,NQU2,False
2022-08-25,NQU2,NQU2,False
2022-08-26,NQU2,NQU2,False
2022-08-28,NQU2,NQU2,False
2022-08-29,NQU2,NQU2,False
2022-08-30,NQU2,NQU2,False
2022-08-31,NQU2,NQU2,False
2022-09-01,NQU2,NQU2,False
2022-09-02,NQU2,NQU2,False
2022-09-04,NQU2,NQU2,False
2022-09-05,NQU2,NQU2,False
2022-09-06,NQU2,NQU2,False
2022-09-07,NQU2,NQU2,False
2022-09-08,NQU2,NQU2,False
2022-09-09,NQU2,NQU2,False
2022-09-11,NQU2,NQU2,False
2022-09-12,NQU2,NQZ2,True
2022-09-13,NQZ2,NQZ2,False
2022-09-14,NQZ2,NQZ2,False
2022-09-15,NQZ2,NQZ2,False
2022-09-16,NQZ2,NQZ2,False
2022-09-18,NQZ2,NQZ2,False
2022-09-19,NQZ2,NQZ2,False
2022-09-20,NQZ2,NQZ2,False
2022-09-21,NQZ2,NQZ2,False
2022-09-22,NQZ2,NQZ2,False
2022-09-23,NQZ2,NQZ2,False
2022-09-25,NQZ2,NQZ2,False
2022-09-26,NQZ2,NQZ2,False
2022-09-27,NQZ2,NQZ2,False
2022-09-28,NQZ2,NQZ2,False
2022-09-29,NQZ2,NQZ2,False
2022-09-30,NQZ2,NQZ2,False
2022-10-02,NQZ2,NQZ2,False
2022-10-03,NQZ2,NQZ2,False
2022-10-04,NQZ2,NQZ2,False
2022-10-05,NQZ2,NQZ2,False
2022-10-06,NQZ2,NQZ2,False
2022-10-07,NQZ2,NQZ2,False
2022-10-09,NQZ2,NQZ2,False
2022-10-10,NQZ2,NQZ2,False
2022-10-11,NQZ2,NQZ2,False
2022-10-12,NQZ2,NQZ2,False
2022-10-13,NQZ2,NQZ2,False
2022-10-14,NQZ2,NQZ2,False
2022-10-16,NQZ2,NQZ2,False
2022-10-17,NQZ2,NQZ2,False
2022-10-18,NQZ2,NQZ2,False
2022-10-19,NQZ2,NQZ2,False
2022-10-20,NQZ2,NQZ2,False
2022-10-21,NQZ2,NQZ2,False
2022-10-23,NQZ2,NQZ2,False
2022-10-24,NQZ2,NQZ2,False
2022-10-25,NQZ2,NQZ2,False
2022-10-26,NQZ2,NQZ2,False
2022-10-27,NQZ2,NQZ2,False
2022-10-28,NQZ2,NQZ2,False
2022-10-30,NQZ2,NQZ2,False
2022-10-31,NQZ2,NQZ2,False
2022-11-01,NQZ2,NQZ2,False
2022-11-02,NQZ2,NQZ2,False
2022-11-03,NQZ2,NQZ2,False
2022-11-04,NQZ2,NQZ2,False
2022-11-06,NQZ2,NQZ2,False
2022-11-07,NQZ2,NQZ2,False
2022-11-08,NQZ2,NQZ2,False
2022-11-09,NQZ2,NQZ2,False
2022-11-10,NQZ2,NQZ2,False
2022-11-11,NQZ2,NQZ2,False
2022-11-13,NQZ2,NQZ2,False
2022-11-14,NQZ2,NQZ2,False
2022-11-15,NQZ2,NQZ2,False
2022-11-16,NQZ2,NQZ2,False
2022-11-17,NQZ2,NQZ2,False
2022-11-18,NQZ2,NQZ2,False
2022-11-20,NQZ2,NQZ2,False
2022-11-21,NQZ2,NQZ2,False
2022-11-22,NQZ2,NQZ2,False
2022-11-23,NQZ2,NQZ2,False
2022-11-24,NQZ2,NQZ2,False
2022-11-25,NQZ2,NQZ2,False
2022-11-27,NQZ2,NQZ2,False
2022-11-28,NQZ2,NQZ2,False
2022-11-29,NQZ2,NQZ2,False
2022-11-30,NQZ2,NQZ2,False
2022-12-01,NQZ2,NQZ2,False
2022-12-02,NQZ2,NQZ2,False
2022-12-04,NQZ2,NQZ2,False
2022-12-05,NQZ2,NQZ2,False
2022-12-06,NQZ2,NQZ2,False
2022-12-07,NQZ2,NQZ2,False
2022-12-08,NQZ2,NQZ2,False
2022-12-09,NQZ2,NQZ2,False
2022-12-11,NQZ2,NQZ2,False
2022-12-12,NQZ2,NQH3,True
2022-12-13,NQH3,NQH3,False
2022-12-14,NQH3,NQH3,False
2022-12-15,NQH3,NQH3,False
2022-12-16,NQH3,NQH3,False
2022-12-18,NQH3,NQH3,False
2022-12-19,NQH3,NQH3,False
2022-12-20,NQH3,NQH3,False
2022-12-21,NQH3,NQH3,False
2022-12-22,NQH3,NQH3,False
2022-12-23,NQH3,NQH3,False
2022-12-26,NQH3,NQH3,False
2022-12-27,NQH3,NQH3,False
2022-12-28,NQH3,NQH3,False
2022-12-29,NQH3,NQH3,False
2022-12-30,NQH3,NQH3,False
2023-01-02,NQH3,NQH3,False
2023-01-03,NQH3,NQH3,False
2023-01-04,NQH3,NQH3,False
2023-01-05,NQH3,NQH3,False
2023-01-06,NQH3,NQH3,False
2023-01-08,NQH3,NQH3,False
2023-01-09,NQH3,NQH3,False
2023-01-10,NQH3,NQH3,False
2023-01-11,NQH3,NQH3,False
2023-01-12,NQH3,NQH3,False
2023-01-13,NQH3,NQH3,False
2023-01-15,NQH3,NQH3,False
2023-01-16,NQH3,NQH3,False
2023-01-17,NQH3,NQH3,False
2023-01-18,NQH3,NQH3,False
2023-01-19,NQH3,NQH3,False
2023-01-20,NQH3,NQH3,False
2023-01-22,NQH3,NQH3,False
2023-01-23,NQH3,NQH3,False
2023-01-24,NQH3,NQH3,False
2023-01-25,NQH3,NQH3,False
2023-01-26,NQH3,NQH3,False
2023-01-27,NQH3,NQH3,False
2023-01-29,NQH3,NQH3,False
2023-01-30,NQH3,NQH3,False
2023-01-31,NQH3,NQH3,False
2023-02-01,NQH3,NQH3,False
2023-02-02,NQH3,NQH3,False
2023-02-03,NQH3,NQH3,False
2023-02-05,NQH3,NQH3,False
2023-02-06,NQH3,NQH3,False
2023-02-07,NQH3,NQH3,False
2023-02-08,NQH3,NQH3,False
2023-02-09,NQH3,NQH3,False
2023-02-10,NQH3,NQH3,False
2023-02-12,NQH3,NQH3,False
2023-02-13,NQH3,NQH3,False
2023-02-14,NQH3,NQH3,False
2023-02-15,NQH3,NQH3,False
2023-02-16,NQH3,NQH3,False
2023-02-17,NQH3,NQH3,False
2023-02-19,NQH3,NQH3,False
2023-02-20,NQH3,NQH3,False
2023-02-21,NQH3,NQH3,False
2023-02-22,NQH3,NQH3,False
2023-02-23,NQH3,NQH3,False
2023-02-24,NQH3,NQH3,False
2023-02-26,NQH3,NQH3,False
2023-02-27,NQH3,NQH3,False
2023-02-28,NQH3,NQH3,False
2023-03-01,NQH3,NQH3,False
2023-03-02,NQH3,NQH3,False
2023-03-03,NQH3,NQH3,False
2023-03-05,NQH3,NQH3,False
2023-03-06,NQH3,NQH3,False
2023-03-07,NQH3,NQH3,False
2023-03-08,NQH3,NQH3,False
2023-03-09,NQH3,NQH3,False
2023-03-10,NQH3,NQH3,False
2023-03-12,NQH3,NQH3,False
2023-03-13,NQH3,NQM3,True
2023-03-14,NQM3,NQM3,False
2023-03-15,NQM3,NQM3,False
2023-03-16,NQM3,NQM3,False
2023-03-17,NQM3,NQM3,False
2023-03-19,NQM3,NQM3,False
2023-03-20,NQM3,NQM3,False
2023-03-21,NQM3,NQM3,False
2023-03-22,NQM3,NQM3,False
2023-03-23,NQM3,NQM3,False
2023-03-24,NQM3,NQM3,False
2023-03-26,NQM3,NQM3,False
2023-03-27,NQM3,NQM3,False
2023-03-28,NQM3,NQM3,False
2023-03-29,NQM3,NQM3,False
2023-03-30,NQM3,NQM3,False
2023-03-31,NQM3,NQM3,False
2023-04-02,NQM3,NQM3,False
2023-04-03,NQM3,NQM3,False
2023-04-04,NQM3,NQM3,False
2023-04-05,NQM3,NQM3,False
2023-04-06,NQM3,NQM3,False
2023-04-07,NQM3,NQM3,False
2023-04-09,NQM3,NQM3,False
2023-04-10,NQM3,NQM3,False
2023-04-11,NQM3,NQM3,False
2023-04-12,NQM3,NQM3,False
2023-04-13,NQM3,NQM3,False
2023-04-14,NQM3,NQM3,False
2023-04-16,NQM3,NQM3,False
2023-04-17,NQM3,NQM3,False
2023-04-18,NQM3,NQM3,False
2023-04-19,NQM3,NQM3,False
2023-04-20,NQM3,NQM3,False
2023-04-21,NQM3,NQM3,False
2023-04-23,NQM3,NQM3,False
2023-04-24,NQM3,NQM3,False
2023-04-25,NQM3,NQM3,False
2023-04-26,NQM3,NQM3,False
2023-04-27,NQM3,NQM3,False
2023-04-28,NQM3,NQM3,False
2023-04-30,NQM3,NQM3,False
2023-05-01,NQM3,NQM3,False
2023-05-02,NQM3,NQM3,False
2023-05-03,NQM3,NQM3,False
2023-05-04,NQM3,NQM3,False
2023-05-05,NQM3,NQM3,False
2023-05-07,NQM3,NQM3,False
2023-05-08,NQM3,NQM3,False
2023-05-09,NQM3,NQM3,False
2023-05-10,NQM3,NQM3,False
2023-05-11,NQM3,NQM3,False
2023-05-12,NQM3,NQM3,False
2023-05-14,NQM3,NQM3,False
2023-05-15,NQM3,NQM3,False
2023-05-16,NQM3,NQM3,False
2023-05-17,NQM3,NQM3,False
2023-05-18,NQM3,NQM3,False
2023-05-19,NQM3,NQM3,False
2023-05-21,NQM3,NQM3,False
2023-05-22,NQM3,NQM3,False
2023-05-23,NQM3,NQM3,False
2023-05-24,NQM3,NQM3,False
2023-05-25,NQM3,NQM3,False
2023-05-26,NQM3,NQM3,False
2023-05-28,NQM3,NQM3,False
2023-05-29,NQM3,NQM3,False
2023-05-30,NQM3,NQM3,False
2023-05-31,NQM3,NQM3,False
2023-06-01,NQM3,NQM3,False
2023-06-02,NQM3,NQM3,False
2023-06-04,NQM3,NQM3,False
2023-06-05,NQM3,NQM3,False
2023-06-06,NQM3,NQM3,False
2023-06-07,NQM3,NQM3,False
2023-06-08,NQM3,NQM3,False
2023-06-09,NQM3,NQM3,False
2023-06-11,NQM3,NQM3,False
2023-06-12,NQM3,NQU3,True
2023-06-13,NQU3,NQU3,False
2023-06-14,NQU3,NQU3,False
2023-06-15,NQU3,NQU3,False
2023-06-16,NQU3,NQU3,False
2023-06-18,NQU3,NQU3,False
2023-06-19,NQU3,NQU3,False
2023-06-20,NQU3,NQU3,False
2023-06-21,NQU3,NQU3,False
2023-06-22,NQU3,NQU3,False
2023-06-23,NQU3,NQU3,False
2023-06-25,NQU3,NQU3,False
2023-06-26,NQU3,NQU3,False
2023-06-27,NQU3,NQU3,False
2023-06-28,NQU3,NQU3,False
2023-06-29,NQU3,NQU3,False
2023-06-30,NQU3,NQU3,False
2023-07-02,NQU3,NQU3,False
2023-07-03,NQU3,NQU3,False
2023-07-04,NQU3,NQU3,False
2023-07-05,NQU3,NQU3,False
2023-07-06,NQU3,NQU3,False
2023-07-07,NQU3,NQU3,False
2023-07-09,NQU3,NQU3,False
2023-07-10,NQU3,NQU3,False
2023-07-11,NQU3,NQU3,False
2023-07-12,NQU3,NQU3,False
2023-07-13,NQU3,NQU3,False
2023-07-14,NQU3,NQU3,False
2023-07-16,NQU3,NQU3,False
2023-07-17,NQU3,NQU3,False
2023-07-18,NQU3,NQU3,False
2023-07-19,NQU3,NQU3,False
2023-07-20,NQU3,NQU3,False
2023-07-21,NQU3,NQU3,False
2023-07-23,NQU3,NQU3,False
2023-07-24,NQU3,NQU3,False
2023-07-25,NQU3,NQU3,False
2023-07-26,NQU3,NQU3,False
2023-07-27,NQU3,NQU3,False
2023-07-28,NQU3,NQU3,False
2023-07-30,NQU3,NQU3,False
2023-07-31,NQU3,NQU3,False
2023-08-01,NQU3,NQU3,False
2023-08-02,NQU3,NQU3,False
2023-08-03,NQU3,NQU3,False
2023-08-04,NQU3,NQU3,False
2023-08-06,NQU3,NQU3,False
2023-08-07,NQU3,NQU3,False
2023-08-08,NQU3,NQU3,False
2023-08-09,NQU3,NQU3,False
2023-08-10,NQU3,NQU3,False
2023-08-11,NQU3,NQU3,False
2023-08-13,NQU3,NQU3,False
2023-08-14,NQU3,NQU3,False
2023-08-15,NQU3,NQU3,False
2023-08-16,NQU3,NQU3,False
2023-08-17,NQU3,NQU3,False
2023-08-18,NQU3,NQU3,False
2023-08-20,NQU3,NQU3,False
2023-08-21,NQU3,NQU3,False
2023-08-22,NQU3,NQU3,False
2023-08-23,NQU3,NQU3,False
2023-08-24,NQU3,NQU3,False
2023-08-25,NQU3,NQU3,False
2023-08-27,NQU3,NQU3,False
2023-08-28,NQU3,NQU3,False
2023-08-29,NQU3,NQU3,False
2023-08-30,NQU3,NQU3,False
2023-08-31,NQU3,NQU3,False
2023-09-01,NQU3,NQU3,False
2023-09-03,NQU3,NQU3,False
2023-09-04,NQU3,NQU3,False
2023-09-05,NQU3,NQU3,False
2023-09-06,NQU3,NQU3,False
2023-09-07,NQU3,NQU3,False
2023-09-08,NQU3,NQU3,False
2023-09-10,NQU3,NQZ3,True
2023-09-11,NQZ3,NQZ3,False
2023-09-12,NQZ3,NQZ3,False
2023-09-13,NQZ3,NQZ3,False
2023-09-14,NQZ3,NQZ3,False
2023-09-15,NQZ3,NQZ3,False
2023-09-17,NQZ3,NQZ3,False
2023-09-18,NQZ3,NQZ3,False
2023-09-19,NQZ3,NQZ3,False
2023-09-20,NQZ3,NQZ3,False
2023-09-21,NQZ3,NQZ3,False
2023-09-22,NQZ3,NQZ3,False
2023-09-24,NQZ3,NQZ3,False
2023-09-25,NQZ3,NQZ3,False
2023-09-26,NQZ3,NQZ3,False
2023-09-27,NQZ3,NQZ3,False
2023-09-28,NQZ3,NQZ3,False
2023-09-29,NQZ3,NQZ3,False
2023-10-01,NQZ3,NQZ3,False
2023-10-02,NQZ3,NQZ3,False
2023-10-03,NQZ3,NQZ3,False
2023-10-04,NQZ3,NQZ3,False
2023-10-05,NQZ3,NQZ3,False
2023-10-06,NQZ3,NQZ3,False
2023-10-08,NQZ3,NQZ3,False
2023-10-09,NQZ3,NQZ3,False
2023-10-10,NQZ3,NQZ3,False
2023-10-11,NQZ3,NQZ3,False
2023-10-12,NQZ3,NQZ3,False
2023-10-13,NQZ3,NQZ3,False
2023-10-15,NQZ3,NQZ3,False
2023-10-16,NQZ3,NQZ3,False
2023-10-17,NQZ3,NQZ3,False
2023-10-18,NQZ3,NQZ3,False
2023-10-19,NQZ3,NQZ3,False
2023-10-20,NQZ3,NQZ3,False
2023-10-22,NQZ3,NQZ3,False
2023-10-23,NQZ3,NQZ3,False
2023-10-24,NQZ3,NQZ3,False
2023-10-25,NQZ3,NQZ3,False
2023-10-26,NQZ3,NQZ3,False
2023-10-27,NQZ3,NQZ3,False
2023-10-29,NQZ3,NQZ3,False
2023-10-30,NQZ3,NQZ3,False
2023-10-31,NQZ3,NQZ3,False
2023-11-01,NQZ3,NQZ3,False
2023-11-02,NQZ3,NQZ3,False
2023-11-03,NQZ3,NQZ3,False
2023-11-05,NQZ3,NQZ3,False
2023-11-06,NQZ3,NQZ3,False
2023-11-07,NQZ3,NQZ3,False
2023-11-08,NQZ3,NQZ3,False
2023-11-09,NQZ3,NQZ3,False
2023-11-10,NQZ3,NQZ3,False
2023-11-12,NQZ3,NQZ3,False
2023-11-13,NQZ3,NQZ3,False
2023-11-14,NQZ3,NQZ3,False
2023-11-15,NQZ3,NQZ3,False
2023-11-16,NQZ3,NQZ3,False
2023-11-17,NQZ3,NQZ3,False
2023-11-19,NQZ3,NQZ3,False
2023-11-20,NQZ3,NQZ3,False
2023-11-21,NQZ3,NQZ3,False
2023-11-22,NQZ3,NQZ3,False
2023-11-23,NQZ3,NQZ3,False
2023-11-24,NQZ3,NQZ3,False
2023-11-26,NQZ3,NQZ3,False
2023-11-27,NQZ3,NQZ3,False
2023-11-28,NQZ3,NQZ3,False
2023-11-29,NQZ3,NQZ3,False
2023-11-30,NQZ3,NQZ3,False
2023-12-01,NQZ3,NQZ3,False
2023-12-03,NQZ3,NQZ3,False
2023-12-04,NQZ3,NQZ3,False
2023-12-05,NQZ3,NQZ3,False
2023-12-06,NQZ3,NQZ3,False
2023-12-07,NQZ3,NQZ3,False
2023-12-08,NQZ3,NQZ3,False
2023-12-10,NQZ3,NQZ3,False
2023-12-11,NQZ3,NQH4,True
2023-12-12,NQH4,NQH4,False
2023-12-13,NQH4,NQH4,False
2023-12-14,NQH4,NQH4,False
2023-12-15,NQH4,NQH4,False
2023-12-17,NQH4,NQH4,False
2023-12-18,NQH4,NQH4,False
2023-12-19,NQH4,NQH4,False
2023-12-20,NQH4,NQH4,False
2023-12-21,NQH4,NQH4,False
2023-12-22,NQH4,NQH4,False
2023-12-25,NQH4,NQH4,False
2023-12-26,NQH4,NQH4,False
2023-12-27,NQH4,NQH4,False
2023-12-28,NQH4,NQH4,False
2023-12-29,NQH4,NQH4,False
2024-01-01,NQH4,NQH4,False
2024-01-02,NQH4,NQH4,False
2024-01-03,NQH4,NQH4,False
2024-01-04,NQH4,NQH4,False
2024-01-05,NQH4,NQH4,False
2024-01-07,NQH4,NQH4,False
2024-01-08,NQH4,NQH4,False
2024-01-09,NQH4,NQH4,False
2024-01-10,NQH4,NQH4,False
2024-01-11,NQH4,NQH4,False
2024-01-12,NQH4,NQH4,False
2024-01-14,NQH4,NQH4,False
2024-01-15,NQH4,NQH4,False
2024-01-16,NQH4,NQH4,False
2024-01-17,NQH4,NQH4,False
2024-01-18,NQH4,NQH4,False
2024-01-19,NQH4,NQH4,False
2024-01-21,NQH4,NQH4,False
2024-01-22,NQH4,NQH4,False
2024-01-23,NQH4,NQH4,False
2024-01-24,NQH4,NQH4,False
2024-01-25,NQH4,NQH4,False
2024-01-26,NQH4,NQH4,False
2024-01-28,NQH4,NQH4,False
2024-01-29,NQH4,NQH4,False
2024-01-30,NQH4,NQH4,False
2024-01-31,NQH4,NQH4,False
2024-02-01,NQH4,NQH4,False
2024-02-02,NQH4,NQH4,False
2024-02-04,NQH4,NQH4,False
2024-02-05,NQH4,NQH4,False
2024-02-06,NQH4,NQH4,False
2024-02-07,NQH4,NQH4,False
2024-02-08,NQH4,NQH4,False
2024-02-09,NQH4,NQH4,False
2024-02-11,NQH4,NQH4,False
2024-02-12,NQH4,NQH4,False
2024-02-13,NQH4,NQH4,False
2024-02-14,NQH4,NQH4,False
2024-02-15,NQH4,NQH4,False
2024-02-16,NQH4,NQH4,False
2024-02-18,NQH4,NQH4,False
2024-02-19,NQH4,NQH4,False
2024-02-20,NQH4,NQH4,False
2024-02-21,NQH4,NQH4,False
2024-02-22,NQH4,NQH4,False
2024-02-23,NQH4,NQH4,False
2024-02-25,NQH4,NQH4,False
2024-02-26,NQH4,NQH4,False
2024-02-27,NQH4,NQH4,False
2024-02-28,NQH4,NQH4,False
2024-02-29,NQH4,NQH4,False
2024-03-01,NQH4,NQH4,False
2024-03-03,NQH4,NQH4,False
2024-03-04,NQH4,NQH4,False
2024-03-05,NQH4,NQH4,False
2024-03-06,NQH4,NQH4,False
2024-03-07,NQH4,NQH4,False
2024-03-08,NQH4,NQH4,False
2024-03-10,NQH4,NQH4,False
2024-03-11,NQH4,NQM4,True
2024-03-12,NQM4,NQM4,False
2024-03-13,NQM4,NQM4,False
2024-03-14,NQM4,NQM4,False
2024-03-15,NQM4,NQM4,False
2024-03-17,NQM4,NQM4,False
2024-03-18,NQM4,NQM4,False
2024-03-19,NQM4,NQM4,False
2024-03-20,NQM4,NQM4,False
2024-03-21,NQM4,NQM4,False
2024-03-22,NQM4,NQM4,False
2024-03-24,NQM4,NQM4,False
2024-03-25,NQM4,NQM4,False
2024-03-26,NQM4,NQM4,False
2024-03-27,NQM4,NQM4,False
2024-03-28,NQM4,NQM4,False
2024-03-31,NQM4,NQM4,False
2024-04-01,NQM4,NQM4,False
2024-04-02,NQM4,NQM4,False
2024-04-03,NQM4,NQM4,False
2024-04-04,NQM4,NQM4,False
2024-04-05,NQM4,NQM4,False
2024-04-07,NQM4,NQM4,False
2024-04-08,NQM4,NQM4,False
2024-04-09,NQM4,NQM4,False
2024-04-10,NQM4,NQM4,False
2024-04-11,NQM4,NQM4,False
2024-04-12,NQM4,NQM4,False
2024-04-14,NQM4,NQM4,False
2024-04-15,NQM4,NQM4,False
2024-04-16,NQM4,NQM4,False
2024-04-17,NQM4,NQM4,False
2024-04-18,NQM4,NQM4,False
2024-04-19,NQM4,NQM4,False
2024-04-21,NQM4,NQM4,False
2024-04-22,NQM4,NQM4,False
2024-04-23,NQM4,NQM4,False
2024-04-24,NQM4,NQM4,False
2024-04-25,NQM4,NQM4,False
2024-04-26,NQM4,NQM4,False
2024-04-28,NQM4,NQM4,False
2024-04-29,NQM4,NQM4,False
2024-04-30,NQM4,NQM4,False
2024-05-01,NQM4,NQM4,False
2024-05-02,NQM4,NQM4,False
2024-05-03,NQM4,NQM4,False
2024-05-05,NQM4,NQM4,False
2024-05-06,NQM4,NQM4,False
2024-05-07,NQM4,NQM4,False
2024-05-08,NQM4,NQM4,False
2024-05-09,NQM4,NQM4,False
2024-05-10,NQM4,NQM4,False
2024-05-12,NQM4,NQM4,False
2024-05-13,NQM4,NQM4,False
2024-05-14,NQM4,NQM4,False
2024-05-15,NQM4,NQM4,False
2024-05-16,NQM4,NQM4,False
2024-05-17,NQM4,NQM4,False
2024-05-19,NQM4,NQM4,False
2024-05-20,NQM4,NQM4,False
2024-05-21,NQM4,NQM4,False
2024-05-22,NQM4,NQM4,False
2024-05-23,NQM4,NQM4,False
2024-05-24,NQM4,NQM4,False
2024-05-26,NQM4,NQM4,False
2024-05-27,NQM4,NQM4,False
2024-05-28,NQM4,NQM4,False
2024-05-29,NQM4,NQM4,False
2024-05-30,NQM4,NQM4,False
2024-05-31,NQM4,NQM4,False
2024-06-02,NQM4,NQM4,False
2024-06-03,NQM4,NQM4,False
2024-06-04,NQM4,NQM4,False
2024-06-05,NQM4,NQM4,False
2024-06-06,NQM4,NQM4,False
2024-06-07,NQM4,NQM4,False
2024-06-09,NQM4,NQM4,False
2024-06-10,NQM4,NQM4,False
2024-06-11,NQM4,NQM4,False
2024-06-12,NQM4,NQM4,False
2024-06-13,NQM4,NQM4,False
2024-06-14,NQM4,NQM4,False
2024-06-16,NQM4,NQU4,True
2024-06-17,NQU4,NQU4,False
2024-06-18,NQU4,NQU4,False
2024-06-19,NQU4,NQU4,False
2024-06-20,NQU4,NQU4,False
2024-06-21,NQU4,NQU4,False
2024-06-23,NQU4,NQU4,False
2024-06-24,NQU4,NQU4,False
2024-06-25,NQU4,NQU4,False
2024-06-26,NQU4,NQU4,False
2024-06-27,NQU4,NQU4,False
2024-06-28,NQU4,NQU4,False
2024-06-30,NQU4,NQU4,False
2024-07-01,NQU4,NQU4,False
2024-07-02,NQU4,NQU4,False
2024-07-03,NQU4,NQU4,False
2024-07-04,NQU4,NQU4,False
2024-07-05,NQU4,NQU4,False
2024-07-07,NQU4,NQU4,False
2024-07-08,NQU4,NQU4,False
2024-07-09,NQU4,NQU4,False
2024-07-10,NQU4,NQU4,False
2024-07-11,NQU4,NQU4,False
2024-07-12,NQU4,NQU4,False
2024-07-14,NQU4,NQU4,False
2024-07-15,NQU4,NQU4,False
2024-07-16,NQU4,NQU4,False
2024-07-17,NQU4,NQU4,False
2024-07-18,NQU4,NQU4,False
2024-07-19,NQU4,NQU4,False
2024-07-21,NQU4,NQU4,False
2024-07-22,NQU4,NQU4,False
2024-07-23,NQU4,NQU4,False
2024-07-24,NQU4,NQU4,False
2024-07-25,NQU4,NQU4,False
2024-07-26,NQU4,NQU4,False
2024-07-28,NQU4,NQU4,False
2024-07-29,NQU4,NQU4,False
2024-07-30,NQU4,NQU4,False
2024-07-31,NQU4,NQU4,False
2024-08-01,NQU4,NQU4,False
2024-08-02,NQU4,NQU4,False
2024-08-04,NQU4,NQU4,False
2024-08-05,NQU4,NQU4,False
2024-08-06,NQU4,NQU4,False
2024-08-07,NQU4,NQU4,False
2024-08-08,NQU4,NQU4,False
2024-08-09,NQU4,NQU4,False
2024-08-11,NQU4,NQU4,False
2024-08-12,NQU4,NQU4,False
2024-08-13,NQU4,NQU4,False
2024-08-14,NQU4,NQU4,False
2024-08-15,NQU4,NQU4,False
2024-08-16,NQU4,NQU4,False
2024-08-18,NQU4,NQU4,False
2024-08-19,NQU4,NQU4,False
2024-08-20,NQU4,NQU4,False
2024-08-21,NQU4,NQU4,False
2024-08-22,NQU4,NQU4,False
2024-08-23,NQU4,NQU4,False
2024-08-25,NQU4,NQU4,False
2024-08-26,NQU4,NQU4,False
2024-08-27,NQU4,NQU4,False
2024-08-28,NQU4,NQU4,False
2024-08-29,NQU4,NQU4,False
2024-08-30,NQU4,NQU4,False
2024-09-01,NQU4,NQU4,False
2024-09-02,NQU4,NQU4,False
2024-09-03,NQU4,NQU4,False
2024-09-04,NQU4,NQU4,False
2024-09-05,NQU4,NQU4,False
2024-09-06,NQU4,NQU4,False
2024-09-08,NQU4,NQU4,False
2024-09-09,NQU4,NQU4,False
2024-09-10,NQU4,NQU4,False
2024-09-11,NQU4,NQU4,False
2024-09-12,NQU4,NQU4,False
2024-09-13,NQU4,NQU4,False
2024-09-15,NQU4,NQU4,False
2024-09-16,NQU4,NQZ4,True
2024-09-17,NQZ4,NQZ4,False
2024-09-18,NQZ4,NQZ4,False
2024-09-19,NQZ4,NQZ4,False
2024-09-20,NQZ4,NQZ4,False
2024-09-22,NQZ4,NQZ4,False
2024-09-23,NQZ4,NQZ4,False
2024-09-24,NQZ4,NQZ4,False
2024-09-25,NQZ4,NQZ4,False
2024-09-26,NQZ4,NQZ4,False
2024-09-27,NQZ4,NQZ4,False
2024-09-29,NQZ4,NQZ4,False
2024-09-30,NQZ4,NQZ4,False
2024-10-01,NQZ4,NQZ4,False
2024-10-02,NQZ4,NQZ4,False
2024-10-03,NQZ4,NQZ4,False
2024-10-04,NQZ4,NQZ4,False
2024-10-06,NQZ4,NQZ4,False
2024-10-07,NQZ4,NQZ4,False
2024-10-08,NQZ4,NQZ4,False
2024-10-09,NQZ4,NQZ4,False
2024-10-10,NQZ4,NQZ4,False
2024-10-11,NQZ4,NQZ4,False
2024-10-13,NQZ4,NQZ4,False
2024-10-14,NQZ4,NQZ4,False
2024-10-15,NQZ4,NQZ4,False
2024-10-16,NQZ4,NQZ4,False
2024-10-17,NQZ4,NQZ4,False
2024-10-18,NQZ4,NQZ4,False
2024-10-20,NQZ4,NQZ4,False
2024-10-21,NQZ4,NQZ4,False
2024-10-22,NQZ4,NQZ4,False
2024-10-23,NQZ4,NQZ4,False
2024-10-24,NQZ4,NQZ4,False
2024-10-25,NQZ4,NQZ4,False
2024-10-27,NQZ4,NQZ4,False
2024-10-28,NQZ4,NQZ4,False
2024-10-29,NQZ4,NQZ4,False
2024-10-30,NQZ4,NQZ4,False
2024-10-31,NQZ4,NQZ4,False
2024-11-01,NQZ4,NQZ4,False
2024-11-03,NQZ4,NQZ4,False
2024-11-04,NQZ4,NQZ4,False
2024-11-05,NQZ4,NQZ4,False
2024-11-06,NQZ4,NQZ4,False
2024-11-07,NQZ4,NQZ4,False
2024-11-08,NQZ4,NQZ4,False
2024-11-10,NQZ4,NQZ4,False
2024-11-11,NQZ4,NQZ4,False
2024-11-12,NQZ4,NQZ4,False
2024-11-13,NQZ4,NQZ4,False
2024-11-14,NQZ4,NQZ4,False
2024-11-15,NQZ4,NQZ4,False
2024-11-17,NQZ4,NQZ4,False
2024-11-18,NQZ4,NQZ4,False
2024-11-19,NQZ4,NQZ4,False
2024-11-20,NQZ4,NQZ4,False
2024-11-21,NQZ4,NQZ4,False
2024-11-22,NQZ4,NQZ4,False
2024-11-24,NQZ4,NQZ4,False
2024-11-25,NQZ4,NQZ4,False
2024-11-26,NQZ4,NQZ4,False
2024-11-27,NQZ4,NQZ4,False
2024-11-28,NQZ4,NQZ4,False
2024-11-29,NQZ4,NQZ4,False
2024-12-01,NQZ4,NQZ4,False
2024-12-02,NQZ4,NQZ4,False
2024-12-03,NQZ4,NQZ4,False
2024-12-04,NQZ4,NQZ4,False
2024-12-05,NQZ4,NQZ4,False
2024-12-06,NQZ4,NQZ4,False
2024-12-08,NQZ4,NQZ4,False
2024-12-09,NQZ4,NQZ4,False
2024-12-10,NQZ4,NQZ4,False
2024-12-11,NQZ4,NQZ4,False
2024-12-12,NQZ4,NQZ4,False
2024-12-13,NQZ4,NQZ4,False
2024-12-15,NQZ4,NQZ4,False
2024-12-16,NQZ4,NQZ4,False
2024-12-17,NQZ4,NQH5,True
2024-12-18,NQH5,NQH5,False
2024-12-19,NQH5,NQH5,False
2024-12-20,NQH5,NQH5,False
2024-12-22,NQH5,NQH5,False
2024-12-23,NQH5,NQH5,False
2024-12-24,NQH5,NQH5,False
2024-12-25,NQH5,NQH5,False
2024-12-26,NQH5,NQH5,False
2024-12-27,NQH5,NQH5,False
2024-12-29,NQH5,NQH5,False
2024-12-30,NQH5,NQH5,False
2025-01-01,NQH5,NQH5,False
2025-01-02,NQH5,NQH5,False
2025-01-03,NQH5,NQH5,False
2025-01-05,NQH5,NQH5,False
2025-01-06,NQH5,NQH5,False
2025-01-07,NQH5,NQH5,False
2025-01-08,NQH5,NQH5,False
2025-01-09,NQH5,NQH5,False
2025-01-10,NQH5,NQH5,False
2025-01-12,NQH5,NQH5,False
2025-01-13,NQH5,NQH5,False
2025-01-14,NQH5,NQH5,False
2025-01-15,NQH5,NQH5,False
2025-01-16,NQH5,NQH5,False
2025-01-17,NQH5,NQH5,False
2025-01-19,NQH5,NQH5,False
2025-01-20,NQH5,NQH5,False
2025-01-21,NQH5,NQH5,False
2025-01-22,NQH5,NQH5,False
2025-01-23,NQH5,NQH5,False
2025-01-24,NQH5,NQH5,False
2025-01-26,NQH5,NQH5,False
2025-01-27,NQH5,NQH5,False
2025-01-28,NQH5,NQH5,False
2025-01-29,NQH5,NQH5,False
2025-01-30,NQH5,NQH5,False
2025-01-31,NQH5,NQH5,False
2025-02-02,NQH5,NQH5,False
2025-02-03,NQH5,NQH5,False
2025-02-04,NQH5,NQH5,False
2025-02-05,NQH5,NQH5,False
2025-02-06,NQH5,NQH5,False
2025-02-07,NQH5,NQH5,False
2025-02-09,NQH5,NQH5,False
2025-02-10,NQH5,NQH5,False
2025-02-11,NQH5,NQH5,False
2025-02-12,NQH5,NQH5,False
2025-02-13,NQH5,NQH5,False
2025-02-14,NQH5,NQH5,False
2025-02-16,NQH5,NQH5,False
2025-02-17,NQH5,NQH5,False
2025-02-18,NQH5,NQH5,False
2025-02-19,NQH5,NQH5,False
2025-02-20,NQH5,NQH5,False
2025-02-21,NQH5,NQH5,False
2025-02-23,NQH5,NQH5,False
2025-02-24,NQH5,NQH5,False
2025-02-25,NQH5,NQH5,False
2025-02-26,NQH5,NQH5,False
2025-02-27,NQH5,NQH5,False
2025-02-28,NQH5,NQH5,False
2025-03-02,NQH5,NQH5,False
2025-03-03,NQH5,NQH5,False
2025-03-04,NQH5,NQH5,False
2025-03-05,NQH5,NQH5,False
2025-03-06,NQH5,NQH5,False
2025-03-07,NQH5,NQH5,False
2025-03-09,NQH5,NQH5,False
2025-03-10,NQH5,NQH5,False
2025-03-11,NQH5,NQH5,False
2025-03-12,NQH5,NQH5,False
2025-03-13,NQH5,NQH5,False
2025-03-14,NQH5,NQH5,False
2025-03-16,NQH5,NQH5,False
2025-03-17,NQH5,NQH5,False
2025-03-18,NQH5,NQM5,True
2025-03-19,NQM5,NQM5,False
2025-03-20,NQM5,NQM5,False
2025-03-21,NQM5,NQM5,False
2025-03-23,NQM5,NQM5,False
2025-03-24,NQM5,NQM5,False
2025-03-25,NQM5,NQM5,False
2025-03-26,NQM5,NQM5,False
2025-03-27,NQM5,NQM5,False
2025-03-28,NQM5,NQM5,False
2025-03-30,NQM5,NQM5,False
2025-03-31,NQM5,NQM5,False
2025-04-01,NQM5,NQM5,False
2025-04-02,NQM5,NQM5,False
2025-04-03,NQM5,NQM5,False
2025-04-04,NQM5,NQM5,False
2025-04-06,NQM5,NQM5,False
2025-04-07,NQM5,NQM5,False
2025-04-08,NQM5,NQM5,False
2025-04-09,NQM5,NQM5,False
2025-04-10,NQM5,NQM5,False
2025-04-11,NQM5,NQM5,False
2025-04-13,NQM5,NQM5,False
2025-04-14,NQM5,NQM5,False
2025-04-15,NQM5,NQM5,False
2025-04-16,NQM5,NQM5,False
2025-04-17,NQM5,NQM5,False
2025-04-20,NQM5,NQM5,False
2025-04-21,NQM5,NQM5,False
2025-04-22,NQM5,NQM5,False
2025-04-23,NQM5,NQM5,False
2025-04-24,NQM5,NQM5,False
2025-04-25,NQM5,NQM5,False
2025-04-27,NQM5,NQM5,False
2025-04-28,NQM5,NQM5,False
2025-04-29,NQM5,NQM5,False
2025-04-30,NQM5,NQM5,False
2025-05-01,NQM5,NQM5,False
2025-05-02,NQM5,NQM5,False
2025-05-04,NQM5,NQM5,False
2025-05-05,NQM5,NQM5,False
2025-05-06,NQM5,NQM5,False
2025-05-07,NQM5,NQM5,False
2025-05-08,NQM5,NQM5,False
2025-05-09,NQM5,NQM5,False
2025-05-11,NQM5,NQM5,False
2025-05-12,NQM5,NQM5,False
2025-05-13,NQM5,NQM5,False
2025-05-14,NQM5,NQM5,False
2025-05-15,NQM5,NQM5,False
2025-05-16,NQM5,NQM5,False
2025-05-18,NQM5,NQM5,False
2025-05-19,NQM5,NQM5,False
2025-05-20,NQM5,NQM5,False
2025-05-21,NQM5,NQM5,False
2025-05-22,NQM5,NQM5,False
2025-05-23,NQM5,NQM5,False
2025-05-25,NQM5,NQM5,False
2025-05-26,NQM5,NQM5,False
2025-05-27,NQM5,NQM5,False
2025-05-28,NQM5,NQM5,False
2025-05-29,NQM5,NQM5,False
2025-05-30,NQM5,NQM5,False
2025-06-01,NQM5,NQM5,False
2025-06-02,NQM5,NQM5,False
2025-06-03,NQM5,NQM5,False
2025-06-04,NQM5,NQM5,False
2025-06-05,NQM5,NQM5,False
2025-06-06,NQM5,NQM5,False
2025-06-08,NQM5,NQM5,False
2025-06-09,NQM5,NQM5,False
2025-06-10,NQM5,NQM5,False
2025-06-11,NQM5,NQM5,False
2025-06-12,NQM5,NQM5,False
2025-06-13,NQM5,NQM5,False
2025-06-15,NQM5,NQM5,False
2025-06-16,NQM5,NQU5,True
2025-06-17,NQU5,NQU5,False
2025-06-18,NQU5,NQU5,False
2025-06-19,NQU5,NQU5,False
2025-06-20,NQU5,NQU5,False
2025-06-22,NQU5,NQU5,False
2025-06-23,NQU5,NQU5,False
2025-06-24,NQU5,NQU5,False
2025-06-25,NQU5,NQU5,False
2025-06-26,NQU5,NQU5,False
2025-06-27,NQU5,NQU5,False
2025-06-29,NQU5,NQU5,False
2025-06-30,NQU5,NQU5,False
2025-07-01,NQU5,NQU5,False
2025-07-02,NQU5,NQU5,False
2025-07-03,NQU5,NQU5,False
2025-07-04,NQU5,NQU5,False
2025-07-06,NQU5,NQU5,False
2025-07-07,NQU5,NQU5,False
2025-07-08,NQU5,NQU5,False
2025-07-09,NQU5,NQU5,False
2025-07-10,NQU5,NQU5,False
2025-07-11,NQU5,NQU5,False
2025-07-13,NQU5,NQU5,False
2025-07-14,NQU5,NQU5,False
2025-07-15,NQU5,NQU5,False
2025-07-16,NQU5,NQU5,False
2025-07-17,NQU5,NQU5,False
2025-07-18,NQU5,NQU5,False
2025-07-20,NQU5,NQU5,False
2025-07-21,NQU5,NQU5,False
2025-07-22,NQU5,NQU5,False
2025-07-23,NQU5,NQU5,False
2025-07-24,NQU5,NQU5,False
2025-07-25,NQU5,NQU5,False
2025-07-27,NQU5,NQU5,False
2025-07-28,NQU5,NQU5,False
2025-07-29,NQU5,NQU5,False
2025-07-30,NQU5,NQU5,False
2025-07-31,NQU5,NQU5,False
2025-08-01,NQU5,NQU5,False
2025-08-03,NQU5,NQU5,False
2025-08-04,NQU5,NQU5,False
2025-08-05,NQU5,NQU5,False
2025-08-06,NQU5,NQU5,False
2025-08-07,NQU5,NQU5,False
2025-08-08,NQU5,NQU5,False
2025-08-10,NQU5,NQU5,False
2025-08-11,NQU5,NQU5,False
2025-08-12,NQU5,NQU5,False
2025-08-13,NQU5,NQU5,False
2025-08-14,NQU5,NQU5,False
2025-08-15,NQU5,NQU5,False
2025-08-17,NQU5,NQU5,False
2025-08-18,NQU5,NQU5,False
2025-08-19,NQU5,NQU5,False
2025-08-20,NQU5,NQU5,False
2025-08-21,NQU5,NQU5,False
2025-08-22,NQU5,NQU5,False
2025-08-24,NQU5,NQU5,False
2025-08-25,NQU5,NQU5,False
2025-08-26,NQU5,NQU5,False
2025-08-27,NQU5,NQU5,False
2025-08-28,NQU5,NQU5,False
2025-08-29,NQU5,NQU5,False
2025-08-31,NQU5,NQU5,False
2025-09-01,NQU5,NQU5,False
2025-09-02,NQU5,NQU5,False
2025-09-03,NQU5,NQU5,False
2025-09-04,NQU5,NQU5,False
2025-09-05,NQU5,NQU5,False
2025-09-07,NQU5,NQU5,False
2025-09-08,NQU5,NQU5,False
2025-09-09,NQU5,NQU5,False
2025-09-10,NQU5,NQU5,False
2025-09-11,NQU5,NQU5,False
2025-09-12,NQU5,NQU5,False
2025-09-14,NQU5,NQU5,False
2025-09-15,NQU5,NQZ5,True
2025-09-16,NQZ5,NQZ5,False
2025-09-17,NQZ5,NQZ5,False
2025-09-18,NQZ5,NQZ5,False
2025-09-19,NQZ5,NQZ5,False
2025-09-21,NQZ5,NQZ5,False
2025-09-22,NQZ5,NQZ5,False
2025-09-23,NQZ5,NQZ5,False
2025-09-24,NQZ5,NQZ5,False
2025-09-25,NQZ5,NQZ5,False
2025-09-26,NQZ5,NQZ5,False
2025-09-28,NQZ5,NQZ5,False
2025-09-29,NQZ5,NQZ5,False
2025-09-30,NQZ5,NQZ5,False
2025-10-01,NQZ5,NQZ5,False
2025-10-02,NQZ5,NQZ5,False
2025-10-03,NQZ5,NQZ5,False
2025-10-05,NQZ5,NQZ5,False
2025-10-06,NQZ5,NQZ5,False
2025-10-07,NQZ5,NQZ5,False
2025-10-08,NQZ5,NQZ5,False
2025-10-09,NQZ5,NQZ5,False
2025-10-10,NQZ5,NQZ5,False
2025-10-12,NQZ5,NQZ5,False
2025-10-13,NQZ5,NQZ5,False
2025-10-14,NQZ5,NQZ5,False
2025-10-15,NQZ5,NQZ5,False
2025-10-16,NQZ5,NQZ5,False
2025-10-17,NQZ5,NQZ5,False
2025-10-19,NQZ5,NQZ5,False
2025-10-20,NQZ5,NQZ5,False
2025-10-21,NQZ5,NQZ5,False
2025-10-22,NQZ5,NQZ5,False
2025-10-23,NQZ5,NQZ5,False
2025-10-24,NQZ5,NQZ5,False
2025-10-26,NQZ5,NQZ5,False
2025-10-27,NQZ5,NQZ5,False
2025-10-28,NQZ5,NQZ5,False
2025-10-29,NQZ5,NQZ5,False
2025-10-30,NQZ5,NQZ5,False
2025-10-31,NQZ5,NQZ5,False
2025-11-02,NQZ5,NQZ5,False
2025-11-03,NQZ5,NQZ5,False
2025-11-04,NQZ5,NQZ5,False
2025-11-05,NQZ5,NQZ5,False
2025-11-06,NQZ5,NQZ5,False
2025-11-07,NQZ5,NQZ5,False
2025-11-09,NQZ5,NQZ5,False
2025-11-10,NQZ5,NQZ5,False
2025-11-11,NQZ5,NQZ5,False
2025-11-12,NQZ5,NQZ5,False
2025-11-13,NQZ5,NQZ5,False
2025-11-14,NQZ5,NQZ5,False
2025-11-16,NQZ5,NQZ5,False
2025-11-17,NQZ5,NQZ5,False
2025-11-18,NQZ5,NQZ5,False
2025-11-19,NQZ5,NQZ5,False
2025-11-20,NQZ5,NQZ5,False
2025-11-21,NQZ5,NQZ5,False
2025-11-23,NQZ5,NQZ5,False
2025-11-24,NQZ5,NQZ5,False
2025-11-25,NQZ5,NQZ5,False
2025-11-26,NQZ5,NQZ5,False
2025-11-27,NQZ5,NQZ5,False
2025-11-28,NQZ5,NQZ5,False
2025-11-30,NQZ5,NQZ5,False
2025-12-01,NQZ5,NQZ5,False
2025-12-02,NQZ5,NQZ5,False
2025-12-03,NQZ5,NQZ5,False
2025-12-04,NQZ5,NQZ5,False
2025-12-05,NQZ5,NQZ5,False
2025-12-07,NQZ5,NQZ5,False
2025-12-08,NQZ5,NQZ5,False
2025-12-09,NQZ5,NQZ5,False
2025-12-10,NQZ5,NQZ5,False
2025-12-11,NQZ5,NQZ5,False
2025-12-12,NQZ5,NQZ5,False
2025-12-14,NQZ5,NQZ5,False
2025-12-15,NQZ5,NQH6,True
2025-12-16,NQH6,NQH6,False
2025-12-17,NQH6,NQH6,False
2025-12-18,NQH6,NQH6,False
2025-12-19,NQH6,NQH6,False
2025-12-21,NQH6,NQH6,False
2025-12-22,NQH6,NQH6,False
2025-12-23,NQH6,NQH6,False
2025-12-24,NQH6,NQH6,False
2025-12-25,NQH6,NQH6,False
2025-12-26,NQH6,NQH6,False
2025-12-28,NQH6,NQH6,False
2025-12-29,NQH6,NQH6,False
2025-12-30,NQH6,NQH6,False
2025-12-31,NQH6,NQH6,False
2026-01-01,NQH6,NQH6,False
2026-01-02,NQH6,NQH6,False
2026-01-04,NQH6,NQH6,False
2026-01-05,NQH6,NQH6,False
2026-01-06,NQH6,NQH6,False
2026-01-07,NQH6,NQH6,False
2026-01-08,NQH6,NQH6,False
2026-01-09,NQH6,NQH6,False
2026-01-11,NQH6,NQH6,False
2026-01-12,NQH6,NQH6,False
2026-01-13,NQH6,NQH6,False
2026-01-14,NQH6,NQH6,False
2026-01-15,NQH6,NQH6,False
2026-01-16,NQH6,NQH6,False
2026-01-18,NQH6,NQH6,False
2026-01-19,NQH6,NQH6,False
2026-01-20,NQH6,NQH6,False
2026-01-21,NQH6,NQH6,False
2026-01-22,NQH6,NQH6,False
2026-01-23,NQH6,NQH6,False
2026-01-25,NQH6,NQH6,False
2026-01-26,NQH6,NQH6,False
2026-01-27,NQH6,NQH6,False
2026-01-28,NQH6,NQH6,False
2026-01-29,NQH6,NQH6,False
2026-01-30,NQH6,NQH6,False
2026-02-01,NQH6,NQH6,False
2026-02-02,NQH6,NQH6,False
2026-02-03,NQH6,NQH6,False
2026-02-04,NQH6,NQH6,False
2026-02-05,NQH6,NQH6,False
2026-02-06,NQH6,NQH6,False
2026-02-08,NQH6,NQH6,False
2026-02-09,NQH6,NQH6,False
2026-02-10,NQH6,NQH6,False
2026-02-11,NQH6,NQH6,False
2026-02-12,NQH6,NQH6,False
2026-02-13,NQH6,NQH6,False
2026-02-15,NQH6,NQH6,False
2026-02-16,NQH6,NQH6,False
2026-02-17,NQH6,NQH6,False
2026-02-18,NQH6,NQH6,False
2026-02-19,NQH6,NQH6,False
2026-02-20,NQH6,NQH6,False
2026-02-22,NQH6,NQH6,False
2026-02-23,NQH6,NQH6,False
2026-02-24,NQH6,NQH6,False
2026-02-25,NQH6,NQH6,False
2026-02-26,NQH6,NQH6,False
2026-02-27,NQH6,NQH6,False
2026-03-01,NQH6,NQH6,False
2026-03-02,NQH6,NQH6,False
2026-03-03,NQH6,NQH6,False
2026-03-04,NQH6,NQH6,False
2026-03-05,NQH6,NQH6,False
2026-03-06,NQH6,NQH6,False
2026-03-08,NQH6,NQH6,False
2026-03-09,NQH6,NQH6,False
2026-03-10,NQH6,NQH6,False
2026-03-11,NQH6,NQH6,False
2026-03-12,NQH6,NQH6,False
2026-03-13,NQH6,NQH6,False
2026-03-15,NQH6,NQH6,False
2026-03-16,NQH6,NQM6,True
2026-03-17,NQM6,NQM6,False
2026-03-18,NQM6,NQM6,False
2026-03-19,NQM6,NQM6,False
2026-03-20,NQM6,NQM6,False
2026-03-22,NQM6,NQM6,False
2026-03-23,NQM6,NQM6,False
2026-03-24,NQM6,NQM6,False
2026-03-25,NQM6,NQM6,False
2026-03-26,NQM6,NQM6,False
2026-03-27,NQM6,NQM6,False
2026-03-29,NQM6,NQM6,False
2026-03-30,NQM6,NQM6,False
2026-03-31,NQM6,NQM6,False
2026-04-01,NQM6,NQM6,False
2026-04-02,NQM6,NQM6,False
2026-04-03,NQM6,NQM6,False
2026-04-05,NQM6,NQM6,False
2026-04-06,NQM6,NQM6,False
2026-04-07,NQM6,NQM6,False
2026-04-08,NQM6,NQM6,False
2026-04-09,NQM6,NQM6,False
2026-04-10,NQM6,NQM6,False
2026-04-12,NQM6,NQM6,False
2026-04-13,NQM6,NQM6,False
2026-04-14,NQM6,NQM6,False
2026-04-15,NQM6,NQM6,False
2026-04-16,NQM6,NQM6,False
2026-04-17,NQM6,NQM6,False
2026-04-19,NQM6,NQM6,False
2026-04-20,NQM6,NQM6,False
2026-04-21,NQM6,NQM6,False
2026-04-22,NQM6,NQM6,False
2026-04-23,NQM6,NQM6,False
2026-04-24,NQM6,NQM6,False
2026-04-26,NQM6,NQM6,False
2026-04-27,NQM6,NQM6,False
2026-04-28,NQM6,NQM6,False
2026-04-29,NQM6,NQM6,False
2026-04-30,NQM6,NQM6,False
2026-05-01,NQM6,NQM6,False
2026-05-03,NQM6,NQM6,False
2026-05-04,NQM6,NQM6,False
2026-05-05,NQM6,NQM6,False
2026-05-06,NQM6,NQM6,False
2026-05-07,NQM6,NQM6,False
2026-05-08,NQM6,NQM6,False
2026-05-10,NQM6,NQM6,False
2026-05-11,NQM6,NQM6,False
2026-05-12,NQM6,NQM6,False
2026-05-13,NQM6,NQM6,False
2026-05-14,NQM6,NQM6,False
2026-05-15,NQM6,NQM6,False
2026-05-17,NQM6,NQM6,False
2026-05-18,NQM6,NQM6,False
2026-05-19,NQM6,NQM6,False
2026-05-20,NQM6,NQM6,False
2026-05-21,NQM6,NQM6,False
2026-05-22,NQM6,NQM6,False
2026-05-24,NQM6,NQM6,False
2026-05-25,NQM6,NQM6,False
2026-05-26,NQM6,NQM6,False
2026-05-27,NQM6,NQM6,False
2026-05-28,NQM6,NQM6,False
2026-05-29,NQM6,NQM6,False
2026-05-31,NQM6,NQM6,False
2026-06-01,NQM6,NQM6,False
2026-06-02,NQM6,NQM6,False
2026-06-03,NQM6,NQM6,False
2026-06-04,NQM6,NQM6,False
2026-06-05,NQM6,NQM6,False
2026-06-07,NQM6,NQM6,False
