level_id,side,touched_at,reason
10,upper,2018-01-22 10:12:00-05:00,position_open
18,lower,2018-01-30 10:05:00-05:00,sal_active
20,lower,2018-02-02 05:14:00-05:00,position_open
22,lower,2018-02-02 06:36:00-05:00,position_open
29,upper,2018-02-14 02:41:00-05:00,position_open
42,upper,2018-03-08 09:08:00-05:00,sal_active
47,upper,2018-03-09 08:30:00-05:00,position_open
40,upper,2018-03-09 08:36:00-05:00,sal_active
52,lower,2018-03-19 01:09:00-04:00,position_open
56,lower,2018-03-22 03:59:00-04:00,position_open
70,upper,2018-04-12 10:22:00-04:00,position_open
76,lower,2018-04-20 03:35:00-04:00,position_open
92,lower,2018-05-15 09:32:00-04:00,sal_active
91,lower,2018-05-15 09:55:00-04:00,sal_active
96,lower,2018-05-23 03:24:00-04:00,sal_active
95,lower,2018-05-23 03:30:00-04:00,sal_active
94,lower,2018-05-23 05:42:00-04:00,sal_active
97,lower,2018-05-23 05:42:00-04:00,sal_active
96,upper,2018-05-24 03:19:00-04:00,position_open
99,upper,2018-05-24 21:34:00-04:00,sal_active
106,upper,2018-06-01 09:55:00-04:00,position_open
115,lower,2018-06-18 22:11:00-04:00,sal_active
118,lower,2018-06-19 03:07:00-04:00,sal_active
114,lower,2018-06-19 10:30:00-04:00,sal_active
118,upper,2018-06-20 08:54:00-04:00,sal_active
120,upper,2018-06-20 21:57:00-04:00,position_open
120,lower,2018-06-21 10:22:00-04:00,sal_active
113,lower,2018-06-25 09:39:00-04:00,sal_active
119,lower,2018-06-25 10:03:00-04:00,sal_active
112,lower,2018-06-25 10:12:00-04:00,sal_active
122,upper,2018-07-12 10:28:00-04:00,position_open
141,lower,2018-07-23 09:40:00-04:00,sal_active
137,upper,2018-07-23 21:45:00-04:00,sal_active
141,upper,2018-07-23 21:45:00-04:00,sal_active
138,upper,2018-07-23 22:59:00-04:00,sal_active
140,upper,2018-07-24 09:36:00-04:00,sal_active
139,lower,2018-07-30 09:44:00-04:00,position_open
158,lower,2018-08-15 10:00:00-04:00,position_open
159,lower,2018-08-15 10:00:00-04:00,position_open
153,lower,2018-08-15 10:05:00-04:00,position_open
152,lower,2018-08-15 10:29:00-04:00,position_open
163,upper,2018-08-23 09:49:00-04:00,sal_active
164,upper,2018-08-23 09:49:00-04:00,sal_active
161,upper,2018-08-23 09:53:00-04:00,sal_active
160,upper,2018-08-24 10:45:00-04:00,position_open
156,upper,2018-08-27 09:30:00-04:00,sal_active
172,lower,2018-09-04 09:42:00-04:00,sal_active
169,lower,2018-09-05 10:02:00-04:00,position_open
170,lower,2018-09-05 10:02:00-04:00,position_open
175,lower,2018-09-06 10:12:00-04:00,position_open
177,upper,2018-09-12 03:48:00-04:00,position_open
180,upper,2018-09-13 09:43:00-04:00,position_open
181,upper,2018-09-14 02:28:00-04:00,position_open
173,upper,2018-09-30 22:32:00-04:00,sal_active
191,upper,2018-10-01 03:48:00-04:00,sal_active
194,lower,2018-10-04 09:40:00-04:00,sal_active
192,lower,2018-10-04 09:41:00-04:00,sal_active
191,lower,2018-10-04 10:20:00-04:00,sal_active
190,lower,2018-10-04 10:25:00-04:00,sal_active
199,lower,2018-10-10 09:50:00-04:00,position_open
216,upper,2018-11-02 02:06:00-04:00,position_open
219,upper,2018-11-07 03:45:00-05:00,position_open
218,lower,2018-11-12 19:44:00-05:00,position_open
232,upper,2018-11-26 09:59:00-05:00,position_open
245,lower,2018-12-13 20:03:00-05:00,position_open
255,lower,2019-01-02 03:22:00-05:00,sal_active
256,upper,2019-01-06 19:03:00-05:00,position_open
249,upper,2019-01-15 10:00:00-05:00,sal_active
263,upper,2019-01-15 10:00:00-05:00,sal_active
264,upper,2019-01-15 10:02:00-05:00,sal_active
266,upper,2019-01-16 09:46:00-05:00,sal_active
272,upper,2019-01-25 10:09:00-05:00,position_open
291,upper,2019-02-20 22:40:00-05:00,position_open
290,lower,2019-02-21 09:45:00-05:00,sal_active
292,lower,2019-02-21 09:45:00-05:00,sal_active
298,lower,2019-03-07 09:52:00-05:00,position_open
297,lower,2019-03-08 08:30:00-05:00,position_open
303,lower,2019-03-08 08:31:00-05:00,position_open
291,lower,2019-03-08 09:00:00-05:00,sal_active
312,lower,2019-03-24 20:36:00-04:00,sal_active
313,lower,2019-03-24 20:37:00-04:00,sal_active
314,upper,2019-04-03 03:32:00-04:00,sal_active
327,upper,2019-04-10 19:42:00-04:00,position_open
330,upper,2019-04-17 08:03:00-04:00,sal_active
331,upper,2019-04-17 09:23:00-04:00,sal_active
332,upper,2019-04-23 10:04:00-04:00,sal_active
330,lower,2019-05-09 02:52:00-04:00,position_open
327,lower,2019-05-09 08:49:00-04:00,position_open
346,lower,2019-05-09 09:43:00-04:00,sal_active
352,lower,2019-05-20 06:26:00-04:00,position_open
356,lower,2019-05-23 03:10:00-04:00,position_open
354,lower,2019-05-23 09:45:00-04:00,sal_active
351,lower,2019-05-28 20:12:00-04:00,sal_active
357,lower,2019-05-28 20:12:00-04:00,sal_active
359,lower,2019-05-28 20:12:00-04:00,sal_active
360,lower,2019-05-28 20:12:00-04:00,sal_active
361,lower,2019-05-31 03:53:00-04:00,sal_active
363,upper,2019-06-05 05:31:00-04:00,position_open
362,upper,2019-06-07 06:53:00-04:00,position_open
361,upper,2019-06-07 06:59:00-04:00,position_open
366,upper,2019-06-07 08:50:00-04:00,sal_active
357,upper,2019-06-07 10:34:00-04:00,sal_active
360,upper,2019-06-07 10:40:00-04:00,sal_active
358,upper,2019-06-07 10:57:00-04:00,sal_active
356,upper,2019-06-10 09:42:00-04:00,sal_active
355,upper,2019-06-10 10:06:00-04:00,sal_active
371,upper,2019-06-17 09:55:00-04:00,position_open
374,upper,2019-06-18 06:40:00-04:00,position_open
370,upper,2019-06-18 09:40:00-04:00,sal_active
378,lower,2019-06-25 10:50:00-04:00,position_open
377,upper,2019-07-03 04:55:00-04:00,sal_active
384,lower,2019-07-09 03:43:00-04:00,sal_active
388,upper,2019-07-10 08:36:00-04:00,sal_active
384,upper,2019-07-10 09:32:00-04:00,sal_active
387,upper,2019-07-10 09:48:00-04:00,sal_active
410,upper,2019-08-08 09:05:00-04:00,position_open
416,upper,2019-08-19 03:03:00-04:00,sal_active
420,lower,2019-08-23 09:50:00-04:00,position_open
425,upper,2019-08-29 09:33:00-04:00,sal_active
430,upper,2019-09-04 21:02:00-04:00,sal_active
431,upper,2019-09-04 21:29:00-04:00,sal_active
427,upper,2019-09-04 21:30:00-04:00,sal_active
420,upper,2019-09-04 21:31:00-04:00,sal_active
413,upper,2019-09-04 21:37:00-04:00,sal_active
419,upper,2019-09-04 21:51:00-04:00,sal_active
421,upper,2019-09-04 21:59:00-04:00,sal_active
428,upper,2019-09-04 22:00:00-04:00,sal_active
422,upper,2019-09-05 09:52:00-04:00,sal_active
415,upper,2019-09-05 10:00:00-04:00,sal_active
432,upper,2019-09-11 19:25:00-04:00,sal_active
433,upper,2019-09-11 19:25:00-04:00,sal_active
434,upper,2019-09-11 19:25:00-04:00,sal_active
440,upper,2019-09-19 09:32:00-04:00,position_open
441,upper,2019-09-19 09:36:00-04:00,position_open
449,lower,2019-10-02 04:44:00-04:00,sal_active
446,lower,2019-10-02 09:38:00-04:00,sal_active
431,lower,2019-10-02 09:53:00-04:00,sal_active
455,upper,2019-10-10 10:57:00-04:00,position_open
457,upper,2019-10-11 04:10:00-04:00,position_open
447,upper,2019-10-11 09:49:00-04:00,sal_active
448,upper,2019-10-11 09:49:00-04:00,sal_active
458,upper,2019-10-15 10:40:00-04:00,position_open
445,upper,2019-10-15 10:56:00-04:00,position_open
443,upper,2019-10-17 05:34:00-04:00,position_open
461,upper,2019-10-17 05:34:00-04:00,position_open
469,lower,2019-10-30 10:04:00-04:00,position_open
473,upper,2019-11-04 05:02:00-05:00,sal_active
478,upper,2019-11-12 10:20:00-05:00,position_open
475,upper,2019-11-12 10:37:00-05:00,position_open
483,upper,2019-11-18 02:17:00-05:00,sal_active
488,upper,2019-11-25 10:06:00-05:00,position_open
489,upper,2019-11-25 20:46:00-05:00,position_open
493,lower,2019-12-02 09:38:00-05:00,position_open
491,lower,2019-12-02 09:40:00-05:00,sal_active
490,lower,2019-12-02 10:00:00-05:00,sal_active
489,lower,2019-12-03 08:11:00-05:00,position_open
487,lower,2019-12-03 09:04:00-05:00,sal_active
488,lower,2019-12-03 09:06:00-05:00,sal_active
480,lower,2019-12-03 09:30:00-05:00,sal_active
481,lower,2019-12-03 09:31:00-05:00,sal_active
482,lower,2019-12-03 09:31:00-05:00,sal_active
477,lower,2019-12-03 09:48:00-05:00,sal_active
498,lower,2019-12-10 06:27:00-05:00,sal_active
501,upper,2019-12-12 09:38:00-05:00,position_open
491,upper,2019-12-12 09:39:00-05:00,position_open
500,upper,2019-12-12 09:39:00-05:00,position_open
499,upper,2019-12-12 10:00:00-05:00,sal_active
492,upper,2019-12-12 10:01:00-05:00,sal_active
493,upper,2019-12-12 10:01:00-05:00,sal_active
511,lower,2020-01-07 19:38:00-05:00,position_open
527,upper,2020-01-21 21:51:00-05:00,position_open
525,upper,2020-01-22 01:06:00-05:00,sal_active
522,lower,2020-01-27 05:12:00-05:00,position_open
520,lower,2020-01-27 05:21:00-05:00,position_open
521,lower,2020-01-27 06:00:00-05:00,position_open
519,lower,2020-01-27 09:30:00-05:00,position_open
535,upper,2020-02-04 10:40:00-05:00,sal_active
528,upper,2020-02-04 10:42:00-05:00,sal_active
542,upper,2020-02-17 00:41:00-05:00,sal_active
546,upper,2020-02-19 09:55:00-05:00,position_open
547,lower,2020-02-21 09:49:00-05:00,position_open
558,lower,2020-03-06 04:37:00-05:00,sal_active
567,upper,2020-03-20 03:44:00-04:00,position_open
569,upper,2020-03-25 04:29:00-04:00,position_open
566,upper,2020-03-25 04:47:00-04:00,position_open
570,upper,2020-03-25 05:07:00-04:00,position_open
582,upper,2020-04-14 09:34:00-04:00,sal_active
584,upper,2020-04-14 09:35:00-04:00,sal_active
590,lower,2020-04-21 09:37:00-04:00,sal_active
588,lower,2020-04-21 10:49:00-04:00,sal_active
590,upper,2020-04-28 05:26:00-04:00,position_open
595,lower,2020-04-28 10:58:00-04:00,sal_active
612,lower,2020-05-22 01:29:00-04:00,sal_active
611,lower,2020-05-27 10:49:00-04:00,position_open
616,upper,2020-06-03 10:01:00-04:00,sal_active
620,lower,2020-06-15 02:05:00-04:00,sal_active
635,upper,2020-06-23 03:16:00-04:00,position_open
627,upper,2020-06-23 03:54:00-04:00,position_open
634,upper,2020-06-23 10:42:00-04:00,position_open
637,upper,2020-07-02 08:53:00-04:00,position_open
642,upper,2020-07-06 10:00:00-04:00,sal_active
648,lower,2020-07-14 09:02:00-04:00,position_open
645,lower,2020-07-14 09:53:00-04:00,position_open
653,lower,2020-07-24 03:14:00-04:00,position_open
652,lower,2020-07-24 09:37:00-04:00,sal_active
644,lower,2020-07-24 09:38:00-04:00,sal_active
657,upper,2020-08-03 09:33:00-04:00,position_open
649,upper,2020-08-05 03:00:00-04:00,position_open
671,upper,2020-08-13 09:40:00-04:00,position_open
668,upper,2020-08-18 09:38:00-04:00,position_open
673,upper,2020-08-18 09:38:00-04:00,position_open
675,upper,2020-08-20 21:00:00-04:00,sal_active
676,upper,2020-08-21 10:55:00-04:00,sal_active
682,upper,2020-09-01 03:21:00-04:00,sal_active
684,upper,2020-09-01 03:22:00-04:00,sal_active
685,lower,2020-09-03 10:46:00-04:00,position_open
679,lower,2020-09-04 10:15:00-04:00,sal_active
680,lower,2020-09-04 10:17:00-04:00,sal_active
678,lower,2020-09-04 10:35:00-04:00,sal_active
676,lower,2020-09-04 10:42:00-04:00,sal_active
694,upper,2020-09-16 04:08:00-04:00,position_open
693,lower,2020-09-17 09:10:00-04:00,position_open
700,upper,2020-09-28 05:32:00-04:00,position_open
698,upper,2020-09-28 06:17:00-04:00,sal_active
701,upper,2020-09-28 08:06:00-04:00,sal_active
705,upper,2020-10-01 05:42:00-04:00,position_open
690,upper,2020-10-01 08:39:00-04:00,position_open
691,upper,2020-10-01 08:39:00-04:00,position_open
695,upper,2020-10-09 09:35:00-04:00,position_open
710,upper,2020-10-09 10:49:00-04:00,position_open
712,upper,2020-10-11 21:52:00-04:00,sal_active
713,upper,2020-10-12 03:58:00-04:00,sal_active
725,lower,2020-10-28 09:50:00-04:00,position_open
726,lower,2020-10-30 02:10:00-04:00,sal_active
727,upper,2020-11-03 22:00:00-05:00,sal_active
728,upper,2020-11-03 22:00:00-05:00,sal_active
730,upper,2020-11-03 22:00:00-05:00,sal_active
726,upper,2020-11-03 22:10:00-05:00,sal_active
725,upper,2020-11-03 22:15:00-05:00,sal_active
721,upper,2020-11-04 22:39:00-05:00,sal_active
722,upper,2020-11-04 22:39:00-05:00,sal_active
731,upper,2020-11-05 02:26:00-05:00,sal_active
717,upper,2020-11-05 03:23:00-05:00,sal_active
732,upper,2020-11-08 19:58:00-05:00,sal_active
716,upper,2020-11-08 20:09:00-05:00,sal_active
715,upper,2020-11-08 22:53:00-05:00,sal_active
760,upper,2020-12-17 02:21:00-05:00,position_open
755,upper,2020-12-17 03:22:00-05:00,sal_active
763,lower,2020-12-21 05:23:00-05:00,position_open
762,upper,2020-12-29 09:30:00-05:00,sal_active
765,upper,2020-12-29 09:30:00-05:00,sal_active
767,lower,2021-01-06 03:22:00-05:00,position_open
778,upper,2021-01-20 03:44:00-05:00,position_open
780,upper,2021-01-20 09:12:00-05:00,position_open
779,upper,2021-01-20 09:34:00-05:00,position_open
776,upper,2021-01-20 09:35:00-05:00,sal_active
775,upper,2021-01-20 10:10:00-05:00,sal_active
785,upper,2021-01-25 09:34:00-05:00,position_open
785,lower,2021-01-27 09:51:00-05:00,sal_active
795,upper,2021-02-10 02:35:00-05:00,position_open
800,upper,2021-02-14 20:02:00-05:00,sal_active
796,lower,2021-02-18 10:18:00-05:00,position_open
797,lower,2021-02-18 10:23:00-05:00,position_open
798,lower,2021-02-22 02:47:00-05:00,sal_active
803,lower,2021-02-22 02:47:00-05:00,sal_active
795,lower,2021-02-22 03:30:00-05:00,sal_active
804,lower,2021-02-22 10:38:00-05:00,sal_active
792,lower,2021-02-23 04:13:00-05:00,position_open
791,lower,2021-02-23 09:50:00-05:00,sal_active
811,lower,2021-03-03 10:13:00-05:00,sal_active
817,upper,2021-03-10 09:07:00-05:00,position_open
821,upper,2021-03-16 02:55:00-04:00,sal_active
819,upper,2021-03-16 09:32:00-04:00,sal_active
818,upper,2021-03-16 09:56:00-04:00,sal_active
813,upper,2021-03-16 10:52:00-04:00,sal_active
821,lower,2021-03-19 02:01:00-04:00,position_open
818,lower,2021-03-25 10:55:00-04:00,sal_active
833,upper,2021-04-01 04:07:00-04:00,position_open
828,upper,2021-04-01 09:36:00-04:00,sal_active
827,upper,2021-04-01 09:37:00-04:00,sal_active
834,upper,2021-04-05 09:33:00-04:00,position_open
838,upper,2021-04-13 08:45:00-04:00,position_open
840,upper,2021-04-13 09:48:00-04:00,sal_active
841,upper,2021-04-29 08:53:00-04:00,position_open
855,lower,2021-05-03 21:22:00-04:00,sal_active
854,lower,2021-05-04 07:40:00-04:00,sal_active
849,lower,2021-05-04 09:33:00-04:00,sal_active
840,lower,2021-05-04 09:40:00-04:00,sal_active
838,lower,2021-05-04 09:52:00-04:00,sal_active
847,lower,2021-05-04 09:57:00-04:00,sal_active
839,lower,2021-05-04 10:01:00-04:00,sal_active
868,upper,2021-05-21 09:28:00-04:00,sal_active
875,lower,2021-06-03 07:02:00-04:00,position_open
871,lower,2021-06-03 07:46:00-04:00,sal_active
872,lower,2021-06-03 07:46:00-04:00,sal_active
873,lower,2021-06-03 07:46:00-04:00,sal_active
877,lower,2021-06-03 07:46:00-04:00,sal_active
876,lower,2021-06-03 08:04:00-04:00,sal_active
873,upper,2021-06-07 19:24:00-04:00,position_open
879,upper,2021-06-07 21:13:00-04:00,sal_active
871,upper,2021-06-08 07:42:00-04:00,sal_active
880,upper,2021-06-08 07:53:00-04:00,sal_active
901,lower,2021-07-08 05:22:00-04:00,sal_active
900,lower,2021-07-08 06:15:00-04:00,sal_active
901,upper,2021-07-12 09:32:00-04:00,position_open
923,lower,2021-08-12 09:45:00-04:00,position_open
921,lower,2021-08-19 02:58:00-04:00,position_open
921,upper,2021-08-23 09:37:00-04:00,position_open
931,upper,2021-08-23 09:37:00-04:00,position_open
918,upper,2021-08-23 09:40:00-04:00,sal_active
922,upper,2021-08-23 09:46:00-04:00,sal_active
920,upper,2021-08-23 09:50:00-04:00,sal_active
934,upper,2021-08-23 10:02:00-04:00,sal_active
915,upper,2021-08-23 10:05:00-04:00,sal_active
917,upper,2021-08-23 10:05:00-04:00,sal_active
929,upper,2021-08-23 10:25:00-04:00,sal_active
923,upper,2021-08-23 10:33:00-04:00,sal_active
927,upper,2021-08-23 10:34:00-04:00,sal_active
924,upper,2021-08-23 10:39:00-04:00,sal_active
925,upper,2021-08-23 10:39:00-04:00,sal_active
938,upper,2021-08-30 09:37:00-04:00,position_open
937,upper,2021-08-30 09:38:00-04:00,sal_active
939,upper,2021-08-30 10:06:00-04:00,sal_active
954,lower,2021-09-19 22:16:00-04:00,position_open
953,lower,2021-09-19 22:44:00-04:00,sal_active
937,lower,2021-09-19 22:46:00-04:00,sal_active
950,lower,2021-09-19 22:48:00-04:00,sal_active
936,lower,2021-09-20 02:44:00-04:00,sal_active
952,lower,2021-09-20 04:02:00-04:00,sal_active
938,lower,2021-09-20 05:25:00-04:00,sal_active
939,lower,2021-09-20 07:32:00-04:00,sal_active
957,upper,2021-09-23 05:08:00-04:00,position_open
958,lower,2021-09-28 03:47:00-04:00,position_open
960,lower,2021-09-28 05:55:00-04:00,position_open
957,lower,2021-09-28 10:20:00-04:00,sal_active
956,lower,2021-09-28 10:21:00-04:00,sal_active
962,lower,2021-09-30 21:11:00-04:00,sal_active
965,upper,2021-10-07 09:59:00-04:00,sal_active
964,upper,2021-10-07 10:00:00-04:00,sal_active
998,upper,2021-11-19 09:56:00-05:00,sal_active
991,upper,2021-11-19 09:58:00-05:00,sal_active
998,lower,2021-11-23 10:59:00-05:00,sal_active
1008,upper,2021-12-07 09:54:00-05:00,sal_active
1014,lower,2021-12-14 04:52:00-05:00,position_open
1011,lower,2021-12-14 09:30:00-05:00,sal_active
1021,upper,2021-12-22 09:47:00-05:00,position_open
1005,upper,2021-12-27 10:24:00-05:00,sal_active
1014,upper,2021-12-27 10:33:00-05:00,sal_active
1018,upper,2021-12-28 03:28:00-05:00,position_open
1006,upper,2021-12-28 04:04:00-05:00,position_open
1024,upper,2021-12-28 04:38:00-05:00,sal_active
1030,lower,2022-01-04 10:55:00-05:00,position_open
1026,lower,2022-01-04 10:56:00-05:00,position_open
1029,lower,2022-01-05 09:34:00-05:00,position_open
1033,lower,2022-01-10 07:31:00-05:00,position_open
1021,lower,2022-01-10 07:33:00-05:00,position_open
1032,lower,2022-01-10 07:59:00-05:00,position_open
1020,lower,2022-01-10 09:31:00-05:00,sal_active
1035,lower,2022-01-18 04:19:00-05:00,sal_active
1069,upper,2022-03-01 02:08:00-05:00,position_open
1069,lower,2022-03-03 19:55:00-05:00,sal_active
1082,upper,2022-03-18 10:04:00-04:00,position_open
1073,upper,2022-03-18 10:11:00-04:00,position_open
1092,lower,2022-04-01 09:52:00-04:00,position_open
1093,lower,2022-04-06 07:09:00-04:00,position_open
1088,lower,2022-04-06 09:44:00-04:00,sal_active
1089,lower,2022-04-06 09:45:00-04:00,sal_active
1096,lower,2022-04-10 20:00:00-04:00,position_open
1097,lower,2022-04-10 21:55:00-04:00,sal_active
1098,lower,2022-04-11 04:25:00-04:00,sal_active
1085,lower,2022-04-11 09:33:00-04:00,sal_active
1084,lower,2022-04-11 10:46:00-04:00,sal_active
1129,upper,2022-05-26 09:56:00-04:00,position_open
1128,upper,2022-05-26 10:19:00-04:00,sal_active
1118,upper,2022-05-29 22:22:00-04:00,sal_active
1119,upper,2022-05-30 00:38:00-04:00,sal_active
1136,lower,2022-06-10 08:30:00-04:00,position_open
1139,lower,2022-06-10 08:30:00-04:00,position_open
1143,lower,2022-06-16 10:05:00-04:00,position_open
1146,upper,2022-06-21 09:35:00-04:00,position_open
1148,upper,2022-06-21 09:35:00-04:00,position_open
1151,upper,2022-06-24 09:32:00-04:00,sal_active
1155,lower,2022-06-30 10:02:00-04:00,position_open
1161,lower,2022-07-13 08:30:00-04:00,position_open
1164,lower,2022-07-13 08:30:00-04:00,position_open
1153,upper,2022-07-20 10:47:00-04:00,sal_active
1183,lower,2022-08-09 09:53:00-04:00,position_open
1183,upper,2022-08-11 10:15:00-04:00,position_open
1191,lower,2022-08-19 10:09:00-04:00,position_open
1185,lower,2022-08-22 03:51:00-04:00,position_open
1193,lower,2022-08-23 02:36:00-04:00,position_open
1201,lower,2022-09-06 10:13:00-04:00,position_open
1198,upper,2022-09-12 04:42:00-04:00,sal_active
1199,upper,2022-09-12 10:00:00-04:00,sal_active
1222,upper,2022-10-04 02:46:00-04:00,sal_active
1221,upper,2022-10-04 10:01:00-04:00,sal_active
1217,upper,2022-10-04 10:12:00-04:00,sal_active
1225,lower,2022-10-07 10:01:00-04:00,position_open
1228,lower,2022-10-11 09:58:00-04:00,position_open
1230,lower,2022-10-13 08:30:00-04:00,position_open
1238,upper,2022-10-25 09:54:00-04:00,sal_active
1234,upper,2022-10-25 09:55:00-04:00,sal_active
1236,lower,2022-11-03 07:28:00-04:00,position_open
1233,lower,2022-11-03 09:44:00-04:00,sal_active
1237,lower,2022-11-03 09:45:00-04:00,sal_active
1240,upper,2022-11-11 02:46:00-05:00,sal_active
1253,upper,2022-11-15 08:30:00-05:00,sal_active
1253,lower,2022-11-17 09:00:00-05:00,position_open
1267,lower,2022-12-06 09:57:00-05:00,position_open
1258,lower,2022-12-07 07:21:00-05:00,sal_active
1264,lower,2022-12-07 07:27:00-05:00,sal_active
1268,upper,2022-12-13 08:29:00-05:00,position_open
1254,upper,2022-12-13 08:30:00-05:00,sal_active
1266,upper,2022-12-13 08:30:00-05:00,sal_active
1271,lower,2022-12-16 04:25:00-05:00,position_open
1283,upper,2023-01-09 09:31:00-05:00,position_open
1288,upper,2023-01-09 09:32:00-05:00,position_open
1278,upper,2023-01-12 08:28:00-05:00,position_open
1296,upper,2023-01-18 08:30:00-05:00,position_open
1298,upper,2023-01-23 10:47:00-05:00,sal_active
1310,lower,2023-02-10 05:02:00-05:00,position_open
1311,lower,2023-02-10 05:02:00-05:00,position_open
1323,lower,2023-03-01 20:40:00-05:00,sal_active
1324,upper,2023-03-06 10:17:00-05:00,position_open
1344,lower,2023-03-28 10:00:00-04:00,sal_active
1348,upper,2023-03-30 08:11:00-04:00,sal_active
1344,upper,2023-03-30 10:00:00-04:00,sal_active
1346,upper,2023-03-30 10:28:00-04:00,sal_active
1351,lower,2023-04-05 10:44:00-04:00,position_open
1365,lower,2023-04-25 10:35:00-04:00,position_open
1357,upper,2023-05-01 02:42:00-04:00,sal_active
1359,upper,2023-05-01 02:42:00-04:00,sal_active
1376,upper,2023-05-10 09:32:00-04:00,position_open
1375,upper,2023-05-10 10:04:00-04:00,position_open
1370,upper,2023-05-10 10:08:00-04:00,position_open
1361,upper,2023-05-11 04:17:00-04:00,position_open
1386,lower,2023-05-24 03:03:00-04:00,position_open
1385,upper,2023-05-26 07:42:00-04:00,position_open
1395,upper,2023-06-12 00:00:00-04:00,position_open
1396,upper,2023-06-12 00:00:00-04:00,position_open
1394,upper,2023-06-12 01:07:00-04:00,sal_active
1399,upper,2023-06-12 02:16:00-04:00,sal_active
1397,upper,2023-06-12 03:51:00-04:00,sal_active
1408,upper,2023-06-30 08:39:00-04:00,position_open
1410,upper,2023-06-30 08:39:00-04:00,position_open
1405,upper,2023-06-30 10:20:00-04:00,position_open
1415,lower,2023-07-06 08:38:00-04:00,position_open
1417,lower,2023-07-06 10:05:00-04:00,sal_active
1420,upper,2023-07-12 08:30:00-04:00,position_open
1419,upper,2023-07-12 08:31:00-04:00,sal_active
1421,upper,2023-07-12 08:31:00-04:00,sal_active
1406,upper,2023-07-12 09:48:00-04:00,sal_active
1414,upper,2023-07-12 10:09:00-04:00,sal_active
1416,upper,2023-07-12 10:09:00-04:00,sal_active
1415,upper,2023-07-12 10:19:00-04:00,sal_active
1432,upper,2023-07-27 03:49:00-04:00,position_open
1431,upper,2023-07-27 04:09:00-04:00,position_open
1429,upper,2023-07-27 09:45:00-04:00,sal_active
1439,lower,2023-08-08 10:57:00-04:00,position_open
1443,lower,2023-08-11 08:49:00-04:00,sal_active
1445,lower,2023-08-17 10:33:00-04:00,sal_active
1455,upper,2023-08-29 10:22:00-04:00,position_open
1443,upper,2023-08-31 10:00:00-04:00,position_open
1453,upper,2023-08-31 10:21:00-04:00,position_open
1457,upper,2023-09-01 08:32:00-04:00,position_open
1457,lower,2023-09-07 08:32:00-04:00,position_open
1466,lower,2023-09-13 08:30:00-04:00,position_open
1492,lower,2023-10-19 03:49:00-04:00,position_open
1482,lower,2023-10-23 05:31:00-04:00,position_open
1477,lower,2023-10-23 05:32:00-04:00,position_open
1484,lower,2023-10-23 05:48:00-04:00,sal_active
1500,upper,2023-11-01 10:23:00-04:00,position_open
1503,upper,2023-11-03 09:43:00-04:00,position_open
1493,upper,2023-11-07 09:18:00-05:00,position_open
1492,upper,2023-11-07 10:28:00-05:00,sal_active
1491,upper,2023-11-07 10:40:00-05:00,sal_active
1505,upper,2023-11-07 10:41:00-05:00,sal_active
1520,upper,2023-11-29 08:06:00-05:00,position_open
1518,upper,2023-11-29 08:30:00-05:00,sal_active
1519,upper,2023-11-29 08:30:00-05:00,sal_active
1519,lower,2023-11-30 10:48:00-05:00,sal_active
1516,lower,2023-12-04 09:51:00-05:00,position_open
1523,lower,2023-12-04 10:15:00-05:00,position_open
1524,lower,2023-12-04 10:24:00-05:00,position_open
1515,lower,2023-12-04 10:28:00-05:00,sal_active
1514,lower,2023-12-04 10:53:00-05:00,sal_active
1526,upper,2023-12-06 09:23:00-05:00,position_open
1528,upper,2023-12-08 10:24:00-05:00,position_open
1527,upper,2023-12-11 00:00:00-05:00,position_open
1529,upper,2023-12-11 00:00:00-05:00,position_open
1517,upper,2023-12-11 04:25:00-05:00,sal_active
1522,upper,2023-12-11 09:33:00-05:00,sal_active
1539,lower,2024-01-02 06:34:00-05:00,position_open
1538,lower,2024-01-02 09:56:00-05:00,sal_active
1535,lower,2024-01-02 10:30:00-05:00,sal_active
1547,upper,2024-01-08 10:48:00-05:00,position_open
1552,lower,2024-01-16 03:04:00-05:00,position_open
1550,lower,2024-01-17 10:00:00-05:00,position_open
1551,lower,2024-01-17 10:00:00-05:00,position_open
1553,upper,2024-01-18 10:48:00-05:00,position_open
1551,upper,2024-01-19 04:13:00-05:00,position_open
1558,upper,2024-01-24 10:29:00-05:00,sal_active
1562,lower,2024-01-31 04:17:00-05:00,position_open
1558,lower,2024-01-31 06:01:00-05:00,sal_active
1559,lower,2024-01-31 10:32:00-05:00,sal_active
1560,upper,2024-02-07 10:27:00-05:00,position_open
1561,upper,2024-02-07 10:52:00-05:00,position_open
1569,upper,2024-02-09 08:31:00-05:00,sal_active
1571,upper,2024-02-09 10:34:00-05:00,sal_active
1572,lower,2024-02-13 08:30:00-05:00,sal_active
1571,lower,2024-02-13 08:32:00-05:00,sal_active
1578,lower,2024-02-20 03:21:00-05:00,sal_active
1575,lower,2024-02-20 09:40:00-05:00,sal_active
1577,lower,2024-02-20 09:40:00-05:00,sal_active
1568,lower,2024-02-20 10:30:00-05:00,sal_active
1579,upper,2024-02-22 09:45:00-05:00,position_open
1584,upper,2024-03-01 10:10:00-05:00,position_open
1583,upper,2024-03-01 10:13:00-05:00,position_open
1595,upper,2024-03-21 01:39:00-04:00,position_open
1606,lower,2024-04-02 08:50:00-04:00,position_open
1607,lower,2024-04-02 09:00:00-04:00,position_open
1603,lower,2024-04-02 09:33:00-04:00,sal_active
1605,lower,2024-04-02 09:33:00-04:00,sal_active
1613,lower,2024-04-10 08:36:00-04:00,position_open
1621,upper,2024-04-23 21:48:00-04:00,sal_active
1626,upper,2024-05-03 09:45:00-04:00,sal_active
1628,upper,2024-05-03 10:00:00-04:00,sal_active
1627,upper,2024-05-06 10:06:00-04:00,position_open
1635,upper,2024-05-10 09:49:00-04:00,position_open
1637,upper,2024-05-15 08:30:00-04:00,position_open
1638,upper,2024-05-15 08:30:00-04:00,position_open
1650,upper,2024-06-05 10:34:00-04:00,position_open
1669,upper,2024-06-28 08:16:00-04:00,position_open
1666,upper,2024-06-28 10:02:00-04:00,sal_active
1670,upper,2024-06-28 10:05:00-04:00,sal_active
1670,lower,2024-07-01 10:15:00-04:00,position_open
1675,upper,2024-07-05 10:01:00-04:00,sal_active
1683,lower,2024-07-17 04:13:00-04:00,position_open
1676,lower,2024-07-17 07:34:00-04:00,sal_active
1675,lower,2024-07-17 09:29:00-04:00,sal_active
1681,lower,2024-07-17 09:41:00-04:00,sal_active
1687,lower,2024-07-24 04:24:00-04:00,sal_active
1686,lower,2024-07-24 09:34:00-04:00,sal_active
1699,upper,2024-08-13 03:08:00-04:00,position_open
1716,lower,2024-09-03 09:54:00-04:00,sal_active
1715,lower,2024-09-03 10:43:00-04:00,sal_active
1703,lower,2024-09-06 10:40:00-04:00,position_open
1720,lower,2024-09-06 10:40:00-04:00,position_open
1726,upper,2024-09-16 00:00:00-04:00,position_open
1717,upper,2024-09-17 07:52:00-04:00,position_open
1729,upper,2024-09-19 03:58:00-04:00,position_open
1712,upper,2024-09-19 09:12:00-04:00,sal_active
1728,upper,2024-09-19 09:12:00-04:00,sal_active
1711,upper,2024-09-19 10:20:00-04:00,sal_active
1730,upper,2024-09-25 23:39:00-04:00,sal_active
1733,upper,2024-09-26 00:53:00-04:00,sal_active
1734,upper,2024-09-26 01:52:00-04:00,sal_active
1737,lower,2024-10-01 10:10:00-04:00,position_open
1736,upper,2024-10-14 09:32:00-04:00,position_open
1738,upper,2024-10-14 09:35:00-04:00,position_open
1745,upper,2024-10-14 09:46:00-04:00,sal_active
1746,upper,2024-10-14 09:59:00-04:00,sal_active
1749,upper,2024-10-25 09:46:00-04:00,position_open
1754,upper,2024-10-25 10:00:00-04:00,sal_active
1753,upper,2024-10-25 10:22:00-04:00,sal_active
1759,lower,2024-10-31 02:48:00-04:00,position_open
1758,lower,2024-10-31 09:47:00-04:00,sal_active
1756,lower,2024-10-31 09:48:00-04:00,sal_active
1755,lower,2024-10-31 10:12:00-04:00,sal_active
1746,lower,2024-10-31 10:52:00-04:00,sal_active
1758,upper,2024-11-06 10:31:00-05:00,position_open
1770,lower,2024-11-14 20:11:00-05:00,sal_active
1765,lower,2024-11-15 03:24:00-05:00,sal_active
1774,upper,2024-11-25 09:16:00-05:00,sal_active
1776,upper,2024-11-25 09:39:00-05:00,sal_active
1779,upper,2024-12-02 09:49:00-05:00,position_open
1778,upper,2024-12-02 09:54:00-05:00,sal_active
1766,upper,2024-12-04 03:53:00-05:00,position_open
1768,upper,2024-12-04 05:50:00-05:00,sal_active
1767,upper,2024-12-04 10:38:00-05:00,sal_active
1790,upper,2024-12-13 09:43:00-05:00,position_open
1795,lower,2024-12-19 19:53:00-05:00,sal_active
1784,lower,2024-12-19 21:07:00-05:00,sal_active
1798,lower,2024-12-27 10:05:00-05:00,sal_active
1801,upper,2025-01-06 04:02:00-05:00,position_open
1802,upper,2025-01-06 05:19:00-05:00,sal_active
1802,lower,2025-01-10 10:01:00-05:00,position_open
1807,lower,2025-01-13 04:04:00-05:00,sal_active
1806,upper,2025-01-17 09:26:00-05:00,position_open
1813,upper,2025-01-22 09:31:00-05:00,sal_active
1814,upper,2025-01-22 09:32:00-05:00,sal_active
1804,upper,2025-01-22 10:37:00-05:00,sal_active
1812,lower,2025-01-27 02:16:00-05:00,position_open
1810,lower,2025-01-27 05:44:00-05:00,sal_active
1809,lower,2025-01-27 05:52:00-05:00,sal_active
1829,upper,2025-02-13 10:22:00-05:00,position_open
1826,upper,2025-02-13 10:39:00-05:00,position_open
1828,upper,2025-02-13 10:39:00-05:00,position_open
1834,lower,2025-02-20 10:00:00-05:00,sal_active
1835,lower,2025-02-20 10:01:00-05:00,sal_active
1829,lower,2025-02-24 10:04:00-05:00,sal_active
1824,lower,2025-02-25 10:17:00-05:00,sal_active
1854,upper,2025-03-24 04:09:00-04:00,position_open
1856,upper,2025-03-24 08:32:00-04:00,sal_active
1883,lower,2025-04-30 09:58:00-04:00,position_open
1887,lower,2025-05-06 09:55:00-04:00,position_open
1895,lower,2025-05-22 08:16:00-04:00,position_open
1897,lower,2025-05-23 07:44:00-04:00,sal_active
1900,lower,2025-05-23 07:49:00-04:00,sal_active
1899,upper,2025-05-28 19:00:00-04:00,position_open
1903,upper,2025-05-28 19:00:00-04:00,position_open
1898,upper,2025-05-28 19:01:00-04:00,sal_active
1904,upper,2025-05-28 19:16:00-04:00,sal_active
1910,upper,2025-06-11 08:30:00-04:00,position_open
1911,upper,2025-06-11 08:30:00-04:00,position_open
1912,upper,2025-06-11 08:30:00-04:00,position_open
1913,upper,2025-06-11 08:30:00-04:00,position_open
1915,lower,2025-06-12 20:05:00-04:00,position_open
1912,lower,2025-06-12 20:32:00-04:00,position_open
1915,upper,2025-06-16 09:32:00-04:00,sal_active
1917,lower,2025-06-19 09:05:00-04:00,sal_active
1919,lower,2025-06-19 09:47:00-04:00,sal_active
1914,upper,2025-06-23 19:22:00-04:00,sal_active
1919,upper,2025-06-24 01:45:00-04:00,sal_active
1918,upper,2025-06-24 02:08:00-04:00,sal_active
1917,upper,2025-06-24 03:07:00-04:00,sal_active
1925,upper,2025-06-27 07:38:00-04:00,sal_active
1926,upper,2025-07-03 09:51:00-04:00,position_open
1928,upper,2025-07-03 10:02:00-04:00,position_open
1932,upper,2025-07-14 21:52:00-04:00,sal_active
1933,upper,2025-07-14 21:52:00-04:00,sal_active
1936,upper,2025-07-15 06:31:00-04:00,sal_active
1937,upper,2025-07-15 08:30:00-04:00,sal_active
1940,upper,2025-07-21 09:45:00-04:00,position_open
1946,upper,2025-07-28 01:54:00-04:00,position_open
1945,lower,2025-08-01 03:51:00-04:00,position_open
1941,lower,2025-08-01 09:32:00-04:00,sal_active
1942,lower,2025-08-01 09:33:00-04:00,sal_active
1944,lower,2025-08-01 09:36:00-04:00,sal_active
1943,lower,2025-08-01 09:42:00-04:00,sal_active
1940,lower,2025-08-01 09:49:00-04:00,sal_active
1962,lower,2025-08-19 10:48:00-04:00,position_open
1967,upper,2025-08-28 09:33:00-04:00,position_open
1969,lower,2025-09-02 03:51:00-04:00,sal_active
1971,lower,2025-09-02 03:54:00-04:00,sal_active
1972,lower,2025-09-02 03:54:00-04:00,sal_active
1967,lower,2025-09-02 06:28:00-04:00,sal_active
1968,lower,2025-09-02 06:43:00-04:00,sal_active
1963,upper,2025-09-10 08:30:00-04:00,position_open
1977,upper,2025-09-10 08:30:00-04:00,position_open
1978,upper,2025-09-10 08:30:00-04:00,position_open
1979,upper,2025-09-15 00:00:00-04:00,position_open
1980,upper,2025-09-15 00:00:00-04:00,position_open
1981,upper,2025-09-15 00:00:00-04:00,position_open
1984,upper,2025-09-18 08:26:00-04:00,sal_active
1983,upper,2025-09-18 10:31:00-04:00,sal_active
1989,lower,2025-09-25 07:58:00-04:00,position_open
1986,lower,2025-09-25 09:09:00-04:00,position_open
1987,upper,2025-10-01 21:54:00-04:00,sal_active
1994,upper,2025-10-02 04:03:00-04:00,sal_active
1989,upper,2025-10-02 07:12:00-04:00,sal_active
1992,upper,2025-10-02 07:55:00-04:00,sal_active
2006,upper,2025-10-20 10:08:00-04:00,position_open
1995,upper,2025-10-24 08:30:00-04:00,sal_active
1997,upper,2025-10-24 08:30:00-04:00,sal_active
1998,upper,2025-10-24 08:30:00-04:00,sal_active
1999,upper,2025-10-24 08:30:00-04:00,sal_active
2007,upper,2025-10-24 08:30:00-04:00,sal_active
2010,upper,2025-10-24 08:30:00-04:00,sal_active
2013,lower,2025-11-04 00:49:00-05:00,position_open
2017,lower,2025-11-04 01:03:00-05:00,sal_active
2015,lower,2025-11-04 04:51:00-05:00,sal_active
2019,lower,2025-11-06 23:02:00-05:00,position_open
2020,lower,2025-11-06 23:02:00-05:00,position_open
2023,lower,2025-11-13 09:44:00-05:00,position_open
2021,lower,2025-11-14 09:32:00-05:00,position_open
2037,upper,2025-12-02 09:39:00-05:00,position_open
2036,upper,2025-12-02 10:01:00-05:00,position_open
2025,upper,2025-12-05 10:03:00-05:00,position_open
2040,lower,2025-12-12 10:28:00-05:00,position_open
2043,lower,2025-12-12 10:28:00-05:00,position_open
2036,lower,2025-12-16 02:38:00-05:00,position_open
2047,lower,2025-12-16 02:38:00-05:00,position_open
2049,lower,2025-12-17 10:58:00-05:00,position_open
2058,lower,2026-01-02 10:58:00-05:00,position_open
2062,lower,2026-01-14 10:00:00-05:00,position_open
2064,lower,2026-01-19 02:10:00-05:00,position_open
2060,lower,2026-01-19 02:40:00-05:00,position_open
2073,upper,2026-01-27 01:06:00-05:00,sal_active
2062,upper,2026-01-27 10:10:00-05:00,sal_active
2067,upper,2026-01-27 10:36:00-05:00,sal_active
2069,upper,2026-01-27 19:35:00-05:00,position_open
2076,upper,2026-01-28 01:04:00-05:00,position_open
2076,lower,2026-01-29 10:36:00-05:00,sal_active
2089,upper,2026-02-25 09:31:00-05:00,sal_active
2093,upper,2026-02-25 09:31:00-05:00,sal_active
2096,upper,2026-02-25 09:47:00-05:00,sal_active
2092,upper,2026-02-25 09:51:00-05:00,sal_active
2094,upper,2026-02-25 09:51:00-05:00,sal_active
2095,upper,2026-02-25 09:51:00-05:00,sal_active
2099,lower,2026-03-03 04:46:00-05:00,position_open
2090,lower,2026-03-03 05:08:00-05:00,position_open
2092,lower,2026-03-03 06:20:00-05:00,position_open
2110,lower,2026-03-19 05:25:00-04:00,position_open
2137,upper,2026-04-24 07:30:00-04:00,position_open
2142,upper,2026-05-01 10:03:00-04:00,sal_active
2150,lower,2026-05-19 10:14:00-04:00,position_open
2160,upper,2026-05-27 08:22:00-04:00,sal_active
2164,lower,2026-06-05 09:39:00-04:00,position_open
2167,lower,2026-06-05 09:57:00-04:00,sal_active
